doc_id,ATT,SN,PBC,SAT,BI,n_coders,n_tokens,hits_ATT,hits_SN,hits_PBC,hits_SAT,hits_BI,pres_ATT,pres_SN,pres_PBC,pres_SAT,pres_BI,enc_ATT,nli_ATT,enc_SN,nli_SN,enc_PBC,nli_PBC,enc_SAT,nli_SAT,enc_BI,nli_BI,band,llm_ATT,llm_SN,llm_PBC,llm_SAT,llm_BI,llm_score_ATT,llm_score_SN,llm_score_PBC,llm_score_SAT,llm_score_BI,llm_flag
55aeaf57b58f0e14,1,0,0,0,0,1,111.0,2.0,0.0,1.0,0.0,0.0,1.0,0.0,1.0,0.0,0.0,0.7988739,0.9834067821502686,-0.6963136,0.8659058809280396,0.777124,0.1605948805809021,-0.5100925,0.9958499670028687,-0.47025275,0.9704926609992981,70-120,1,0,1,1,1,1.0,0.0,0.8,1.0,1.0,0
30e89376f5fc14e3,1,0,0,0,1,1,66.0,2.0,0.0,1.0,0.0,0.0,1.0,0.0,1.0,0.0,0.0,0.8100942,0.9927952289581299,-0.7163402,0.9703806042671204,0.8005408,0.726377010345459,-0.5183616,0.9988144040107727,-0.47044095,0.9986749887466431,40-70,1,0,0,1,1,1.0,0.0,0.0,1.0,1.0,0
0729312ed0f8fa78,1,0,1,1,0,1,494.0,3.0,1.0,2.0,0.0,0.0,1.0,1.0,1.0,0.0,0.0,-0.9952194,0.03305475041270256,-0.42698124,0.06097518280148506,-0.5417759,0.0002355114120291546,-0.39829788,0.2179194837808609,-0.27680016,0.00980281736701727,120+,1,0,1,1,0,0.8,0.0,0.7,0.8,0.0,0
75818b26d1e426f7,1,0,1,0,1,1,55.0,2.0,0.0,0.0,0.0,0.0,1.0,0.0,0.0,0.0,0.0,1.3658545,0.9904220700263977,-0.7479088,0.9902539253234863,-0.8261861,0.02353188395500183,-0.5268428,0.9960622787475586,1.7474021,0.9632651209831238,40-70,1,0,0,1,1,1.0,0.0,0.0,1.0,1.0,0
4304de03891fe91e,1,0,0,0,0,10,64.0,3.0,0.0,0.0,0.0,0.0,1.0,0.0,0.0,0.0,0.0,1.3490264,0.9613164663314819,-0.7455057,0.9483461976051331,-0.83827007,0.8487842679023743,-0.5160117,0.9893062710762024,-0.49264318,0.015513787977397442,40-70,1,0,0,1,0,1.0,0.0,0.0,1.0,0.0,0
10967c36bf1c2575,1,0,1,0,0,10,59.0,0.0,0.0,0.0,0.0,0.0,0.0,0.0,0.0,0.0,0.0,-1.4162931,0.004166255239397287,-0.6785338,0.9581478834152222,-0.8286742,0.8352820873260498,-0.50788575,0.8720207810401917,-0.47872546,0.0015218156622722745,40-70,1,0,1,1,0,0.8,0.0,0.9,0.7,0.0,0
13acddb4179e8ace,0,1,0,0,0,1,45.0,1.0,1.0,0.0,0.0,0.0,1.0,1.0,0.0,0.0,0.0,-0.0110606365,0.9934991002082825,1.3862295,0.9943581223487854,-0.8116286,0.006784358061850071,-0.5273412,0.9957020282745361,-0.48447314,0.022371461614966393,40-70,1,1,0,1,0,0.9,0.8,0.0,0.8,0.0,0
28b21bf9b8dec819,1,1,1,0,0,1,317.0,5.0,0.0,1.0,0.0,0.0,1.0,0.0,1.0,0.0,0.0,1.4044358,0.9834704995155334,0.06681682,0.9887879490852356,-0.28816727,0.003846872365102172,-0.1887409,0.9945940971374512,0.20350488,0.011288073845207691,120+,1,1,1,1,0,1.0,0.8,0.9,1.0,0.0,0
566c63443e70f413,1,0,1,0,0,1,133.0,1.0,0.0,0.0,0.0,0.0,1.0,0.0,0.0,0.0,0.0,0.5966505,0.9963286519050598,-0.029200362,0.9430336356163025,-0.38065282,0.028034120798110962,-0.27502742,0.9953181743621826,0.055590633,0.980318546295166,120+,1,0,1,1,1,1.0,0.0,1.0,1.0,1.0,0
590d6b22e179e0e7,1,0,0,0,0,1,44.0,1.0,0.0,1.0,1.0,0.0,1.0,0.0,1.0,1.0,0.0,-0.081894144,0.7502326965332031,-0.7342812,0.9939613342285156,0.83893985,0.011846236884593964,1.9788332,0.9987454414367676,-0.5144488,0.5506073236465454,40-70,1,0,0,1,0,1.0,0.0,0.0,1.0,0.0,0
0b834643fda8ab21,1,1,1,0,0,1,132.0,2.0,1.0,1.0,1.0,0.0,1.0,1.0,1.0,1.0,0.0,0.784067,0.9943361878395081,1.3405205,0.9731131792068481,0.72462034,0.04240382835268974,2.2168665,0.995226263999939,-0.5238117,0.015276947058737278,120+,1,1,1,1,0,1.0,1.0,0.8,1.0,0.0,0
20ea01ae7b1b8496,1,0,0,0,1,1,185.0,2.0,0.0,1.0,0.0,1.0,1.0,0.0,1.0,0.0,1.0,1.2363327,0.9771755337715149,0.17090793,0.9768686890602112,1.2096088,0.015648597851395607,-0.19661802,0.9757623672485352,0.2438036,0.9959298372268677,120+,1,0,0,1,1,1.0,0.0,0.0,1.0,1.0,0
08a746c571990f26,1,1,1,1,0,10,15.0,0.0,1.0,0.0,1.0,0.0,0.0,1.0,0.0,1.0,0.0,-1.3930389,0.19860762357711792,1.4463286,0.994213879108429,-0.86866164,0.030100340023636818,2.0115447,0.9921537637710571,-0.48875004,0.16491955518722534,15-40,1,1,1,1,0,1.0,1.0,1.0,1.0,0.0,0
b6be0de27561dd3a,1,0,0,0,0,1,51.0,0.0,0.0,1.0,0.0,0.0,0.0,0.0,1.0,0.0,0.0,-1.4421424,0.8504065275192261,-0.6885067,0.9071478843688965,0.83304,0.6423763632774353,-0.52453256,0.9965837001800537,-0.49006027,0.005405900068581104,40-70,1,0,1,1,0,1.0,0.0,1.0,1.0,0.0,0
ac5bfc4f969ed2cc,1,0,1,0,1,1,210.0,2.0,0.0,3.0,1.0,0.0,1.0,0.0,1.0,1.0,0.0,0.46761775,0.9562681317329407,0.09264225,0.07483763247728348,2.149609,0.8312115669250488,2.009258,0.9978842735290527,0.16676342,0.9828068017959595,120+,1,0,1,1,1,1.0,0.0,0.9,1.0,1.0,0
ecfca42fecaa5dd8,1,1,0,0,1,10,54.0,1.0,0.0,0.0,0.0,0.0,1.0,0.0,0.0,0.0,0.0,-0.08565534,0.9464977979660034,-0.6843637,0.9901401400566101,-0.81594235,0.1038394495844841,-0.50369203,0.9971160292625427,-0.47140816,0.9594213366508484,40-70,1,1,0,1,1,1.0,0.5,0.0,1.0,1.0,0
1c8a567c8fca1f3b,1,0,0,1,0,1,71.0,2.0,0.0,1.0,2.0,0.0,1.0,0.0,1.0,1.0,0.0,0.95041215,0.8504064679145813,-0.75025165,0.7238466143608093,0.8423737,0.29386022686958313,3.744603,0.9996533393859863,-0.52783453,0.02031291276216507,70-120,1,0,0,1,0,1.0,0.0,0.0,1.0,0.0,0
845a24e46ce951ae,1,0,1,0,1,1,119.0,0.0,0.0,0.0,0.0,0.0,0.0,0.0,0.0,0.0,0.0,-1.363229,0.9099470973014832,-0.66428524,0.9801293015480042,-0.77934235,0.04795810207724571,-0.48877025,0.9936487674713135,-0.468952,0.9074763059616089,70-120,1,0,1,1,1,0.9,0.0,0.9,0.9,1.0,1
f42b9e6503bd9da8,1,0,0,0,1,10,85.0,3.0,0.0,2.0,0.0,1.0,1.0,0.0,1.0,0.0,1.0,1.4620018,0.9194257855415344,-0.71306664,0.9809491038322449,2.1532135,0.4420492947101593,-0.5417004,0.9799765348434448,1.944542,0.994347095489502,70-120,1,0,0,1,1,1.0,0.0,0.0,1.0,1.0,0
9ec854b8817bd88d,1,1,0,1,0,1,34.0,3.0,1.0,0.0,0.0,0.0,1.0,1.0,0.0,0.0,0.0,1.4540216,0.7101762294769287,1.3655299,0.9597997665405273,-0.8050947,0.11338309198617935,-0.49349067,0.9971216917037964,-0.5171494,0.06512754410505295,15-40,1,1,1,1,0,1.0,1.0,1.0,1.0,0.0,0
02c5abc2c6f12a13,1,1,0,0,0,1,82.0,3.0,1.0,0.0,0.0,0.0,1.0,1.0,0.0,0.0,0.0,1.4372588,0.1534857153892517,1.3588703,0.9958900809288025,-0.81269366,0.020332353189587593,-0.5167144,0.9956091642379761,-0.49313685,0.08035746961832047,70-120,1,1,0,1,0,0.8,1.0,0.0,0.9,0.0,0
67e74c5ef616796a,1,0,0,1,1,1,131.0,3.0,0.0,0.0,0.0,1.0,1.0,0.0,0.0,0.0,1.0,1.3813392,0.9859363436698914,-0.7105588,0.777679979801178,-0.84324247,0.25692522525787354,-0.5088049,0.9864025115966797,2.0308464,0.19155441224575043,120+,1,1,1,1,1,1.0,0.5,1.0,1.0,1.0,0
5d4ac7cf15a29fda,1,0,0,0,1,1,48.0,1.0,0.0,0.0,0.0,0.0,1.0,0.0,0.0,0.0,0.0,-0.09126251,0.9334308505058289,-0.68714595,0.9776285290718079,-0.8223787,0.17560875415802002,-0.5086645,0.9955142140388489,-0.4720925,0.9845754504203796,40-70,1,0,0,1,1,1.0,0.0,0.0,1.0,1.0,0
8ce68d41db6a63f7,1,0,1,0,0,10,136.0,4.0,1.0,1.0,0.0,0.0,1.0,1.0,1.0,0.0,0.0,1.7392694,0.3568948209285736,1.3173329,0.7271043062210083,0.9130805,0.33687618374824524,-0.51528686,0.7812471985816956,-0.52312887,0.035712167620658875,120+,1,0,1,1,0,1.0,0.0,1.0,1.0,0.0,0
92b0fbd57a6de27d,1,1,1,1,1,1,202.0,7.0,1.0,1.0,1.0,1.0,1.0,1.0,1.0,1.0,1.0,2.565909,0.9649212956428528,0.18735759,0.9857866764068604,1.0598577,0.008461997844278812,2.1480958,0.9965502619743347,0.3491376,0.9505947828292847,120+,1,1,1,1,1,1.0,1.0,1.0,1.0,1.0,0
7ab168a2238884e7,1,0,0,1,0,1,91.0,1.0,0.0,0.0,0.0,0.0,1.0,0.0,0.0,0.0,0.0,-0.111914836,0.9663470983505249,-0.6882275,0.9855382442474365,-0.8095057,0.7326396703720093,-0.5250325,0.9690325260162354,-0.48018318,0.049635063856840134,70-120,1,1,1,1,0,1.0,0.8,0.9,1.0,0.0,0
c6cbe07a2c8522c4,1,0,1,0,0,1,47.0,2.0,0.0,1.0,0.0,0.0,1.0,0.0,1.0,0.0,0.0,0.7697963,0.8092759847640991,-0.68413895,0.9641867876052856,0.8174399,0.0123123275116086,-0.50227803,0.987301766872406,-0.48677462,0.012527931481599808,40-70,1,0,1,1,0,1.0,0.0,1.0,1.0,0.0,0
1fc2e275babe7597,1,1,0,1,0,1,90.0,6.0,1.0,1.0,0.0,0.0,1.0,1.0,1.0,0.0,0.0,2.5322747,0.9714016318321228,1.3171718,0.9927391409873962,0.876542,0.012077060528099537,-0.52658206,0.9755769371986389,-0.510783,0.2556222975254059,70-120,1,1,1,1,0,1.0,1.0,1.0,1.0,0.0,0
83dc0e65fb2fb0b5,1,0,1,0,0,1,71.0,2.0,0.0,0.0,0.0,0.0,1.0,0.0,0.0,0.0,0.0,0.80028564,0.9433475732803345,-0.7160717,0.9782395958900452,-0.8147059,0.13050688803195953,-0.50507027,0.9962199330329895,-0.48578534,0.9980353116989136,70-120,1,1,1,1,1,1.0,0.5,0.5,1.0,1.0,0
4e1d9543d5d7b9ba,1,0,1,1,0,1,386.0,6.0,0.0,4.0,1.0,0.0,1.0,0.0,1.0,1.0,0.0,1.1692798,0.2529372274875641,0.010568469,0.045268092304468155,1.0678296,0.9858821034431458,-0.2426762,0.9959849119186401,0.1623793,0.0063021220266819,120+,1,0,1,1,0,1.0,0.0,1.0,1.0,0.0,0
d7389c7994562d97,1,0,1,1,1,1,85.0,2.0,0.0,0.0,0.0,1.0,1.0,0.0,0.0,0.0,1.0,0.84648913,0.8848875164985657,-0.7079323,0.9789755940437317,-0.8255244,0.9139072895050049,-0.51203954,0.9941460490226746,2.0244896,0.9775214791297913,70-120,1,0,1,1,1,1.0,0.0,1.0,1.0,1.0,0
1820f020d783829f,1,0,1,1,1,1,58.0,4.0,0.0,0.0,0.0,0.0,1.0,0.0,0.0,0.0,0.0,1.8310777,0.9445360898971558,-0.74637604,0.5930790901184082,-0.8258262,0.929248034954071,-0.48907754,0.9912548065185547,-0.48163676,0.9741658568382263,40-70,1,0,1,1,1,1.0,0.0,0.8,1.0,1.0,0
68c8bdd3ddde5fa4,1,1,1,1,1,1,160.0,3.0,0.0,0.0,1.0,0.0,1.0,0.0,0.0,1.0,0.0,2.0227733,0.9735190272331238,0.011379574,0.9940428137779236,-0.35538855,0.0061331759206950665,-0.28478447,0.2351083755493164,0.21670789,0.9800148010253906,120+,1,1,1,1,1,1.0,1.0,1.0,1.0,1.0,0
34ef3f4b24e4e9c6,1,0,1,0,1,1,71.0,0.0,0.0,0.0,0.0,0.0,0.0,0.0,0.0,0.0,0.0,-1.432429,0.9235234260559082,-0.68189,0.9946255087852478,-0.82156086,0.010714439675211906,-0.4995836,0.9968087077140808,-0.47426116,0.9943908452987671,70-120,1,0,1,1,1,1.0,0.0,0.8,1.0,1.0,0
a4911321940a7aee,1,0,0,0,1,1,41.0,3.0,1.0,0.0,0.0,1.0,1.0,1.0,0.0,0.0,1.0,1.3086915,0.9863105416297913,1.3707023,0.9315870404243469,-0.83037215,0.07716922461986542,-0.48204863,0.997977077960968,2.0523336,0.9866105318069458,40-70,1,1,0,1,1,1.0,1.0,0.0,1.0,1.0,0
40648751a1ac4f2b,1,0,1,1,0,1,54.0,3.0,1.0,1.0,2.0,0.0,1.0,1.0,1.0,1.0,0.0,1.4444627,0.988346517086029,1.4656968,0.07483761757612228,0.93110836,0.5478496551513672,3.6736643,0.9988818168640137,-0.5705447,0.05389914661645889,40-70,1,1,1,1,0,1.0,0.8,0.9,1.0,0.0,0
429231e10a40f726,1,0,0,1,0,1,113.0,1.0,1.0,2.0,1.0,0.0,1.0,1.0,1.0,1.0,0.0,-0.03623644,0.9974090456962585,1.4857641,0.06675145775079727,2.0161445,0.036977555602788925,1.9938692,0.9982247352600098,-0.46531412,0.042166538536548615,70-120,1,1,1,1,0,1.0,0.8,0.9,1.0,0.0,0
29f30ddc197181e9,1,0,0,0,0,1,142.0,1.0,1.0,3.0,1.0,0.0,1.0,1.0,1.0,1.0,0.0,0.14795037,0.9681110382080078,1.5862057,0.9734434485435486,2.7112067,0.937325656414032,2.1025147,0.9989308714866638,-0.19393574,0.013222822919487953,120+,1,1,1,1,0,1.0,1.0,1.0,1.0,0.0,0
c9f24855b28b5e81,1,1,0,0,1,1,23.0,3.0,1.0,2.0,0.0,1.0,1.0,1.0,1.0,0.0,1.0,1.3680062,0.9981469511985779,1.4218948,0.9900636076927185,1.8599588,0.9680506587028503,-0.5136905,0.9992591738700867,1.9866934,0.9721251130104065,15-40,1,1,0,1,1,1.0,1.0,0.0,1.0,1.0,0
f7815f1f1e17f443,1,1,0,0,0,1,40.0,2.0,1.0,1.0,0.0,0.0,1.0,1.0,1.0,0.0,0.0,0.74765027,0.9960775375366211,1.364712,0.9898695945739746,0.86573344,0.03941638395190239,-0.50142664,0.997236967086792,-0.49413943,0.5235307216644287,40-70,1,1,0,0,0,1.0,1.0,0.0,0.0,0.0,0
31a104466591b8e6,1,1,0,0,0,1,59.0,1.0,1.0,1.0,0.0,0.0,1.0,1.0,1.0,0.0,0.0,-0.065484755,0.9882221221923828,1.3699427,0.9912209510803223,0.77865905,0.0991208478808403,-0.5134998,0.9957766532897949,-0.49395764,0.9527502655982971,40-70,1,1,1,1,0,1.0,1.0,0.8,1.0,0.0,0
1803225cfd93e040,1,1,0,0,0,10,94.0,2.0,0.0,0.0,0.0,0.0,1.0,0.0,0.0,0.0,0.0,0.7209257,0.9993423223495483,-0.7015018,0.9847670793533325,-0.8262822,0.9191358685493469,-0.5161148,0.9979612827301025,-0.48933032,0.1483553946018219,70-120,1,1,1,1,0,1.0,1.0,1.0,1.0,0.0,0
d719e44ea3f8592c,1,0,0,0,0,1,400.0,4.0,2.0,4.0,0.0,1.0,1.0,1.0,1.0,0.0,1.0,1.0595152,0.07075197249650955,-0.13715571,0.11864014714956284,1.0542538,0.0026939145755022764,-0.28158188,0.7938261032104492,0.018484134,0.0021198310423642397,120+,1,0,1,1,0,0.85,0.0,0.9,0.8,0.0,0
158e9586cc28bb28,1,1,0,0,0,1,153.0,4.0,1.0,2.0,0.0,0.0,1.0,1.0,1.0,0.0,0.0,1.5753945,0.767646312713623,0.14593796,0.9918279647827148,2.252187,0.06828854233026505,-0.2411704,0.8791986107826233,0.18949288,0.08471965789794922,120+,1,1,1,1,1,1.0,1.0,1.0,1.0,1.0,0
e21b5fbec880e490,1,0,1,0,0,1,74.0,4.0,0.0,2.0,0.0,0.0,1.0,0.0,1.0,0.0,0.0,1.9637111,0.9655439853668213,-0.6632505,0.8710914850234985,1.9759866,0.3327980935573578,-0.49657726,0.9957103729248047,-0.527228,0.01186912227421999,70-120,1,0,1,1,0,0.9,0.0,0.8,0.9,0.0,0
8eea54e37936b266,1,0,1,0,1,10,49.0,1.0,1.0,0.0,0.0,1.0,1.0,1.0,0.0,0.0,1.0,-0.05117336,0.9426652789115906,1.4233558,0.28393030166625977,-0.79723245,0.8592508435249329,-0.5104287,0.9885693788528442,2.0456429,0.9959849119186401,40-70,1,1,1,1,1,1.0,0.5,0.8,1.0,1.0,0
e04f61cb06445da8,1,0,1,0,1,1,57.0,1.0,0.0,1.0,0.0,0.0,1.0,0.0,1.0,0.0,0.0,-0.07559593,0.08756384253501892,-0.6898529,0.1565556824207306,0.800571,0.9763782024383545,-0.5036383,0.9692661166191101,-0.48893142,0.9817882180213928,40-70,1,0,1,1,1,1.0,0.0,1.0,1.0,1.0,0
0132861d036dd8fc,1,0,1,0,0,10,140.0,1.0,2.0,2.0,0.0,0.0,1.0,1.0,1.0,0.0,0.0,-0.8149712,0.07716921716928482,2.9706733,0.9843964576721191,2.0541801,0.04385456442832947,-0.3691934,0.9311501383781433,-0.19338174,0.0030933867674320936,120+,1,1,1,1,0,0.9,0.8,0.9,0.9,0.0,0
e64f668906dd7bfe,1,0,1,1,1,1,42.0,2.0,0.0,0.0,0.0,1.0,1.0,0.0,0.0,0.0,1.0,0.7956966,0.9978342056274414,-0.6982795,0.7295679450035095,-0.8221332,0.7844016551971436,-0.5012063,0.9997326135635376,2.0184999,0.994949460029602,40-70,1,0,1,1,1,1.0,0.0,1.0,1.0,1.0,0
42f4ae8e28ba0e6e,1,0,0,0,0,1,50.0,1.0,0.0,0.0,0.0,0.0,1.0,0.0,0.0,0.0,0.0,-0.11255276,0.006338921841233969,-0.6983331,0.0626743733882904,-0.822793,0.534018337726593,-0.5027249,0.0487670972943306,-0.47586045,0.0013564018299803138,40-70,1,0,1,1,0,0.9,0.0,0.8,0.8,0.0,0
e367838bd26000b1,1,1,0,0,0,1,145.0,4.0,1.0,0.0,1.0,0.0,1.0,1.0,0.0,1.0,0.0,2.171362,0.7219392657279968,0.038069695,0.9759464859962463,-0.42950672,0.020081011578440666,2.106794,0.9915052056312561,0.22475307,0.03923192247748375,120+,1,1,1,1,1,1.0,1.0,0.8,1.0,0.8,0
d452265f06cabae0,1,1,1,0,1,10,147.0,3.0,2.0,1.0,2.0,1.0,1.0,1.0,1.0,1.0,1.0,1.5886841,0.9779466986656189,2.655897,0.9923192858695984,1.1032101,0.007204769179224968,3.319744,0.9966819882392883,2.478853,0.9786107540130615,120+,1,1,1,1,1,1.0,1.0,0.8,1.0,1.0,0
b761c69ddb1912ae,1,1,1,0,1,1,50.0,1.0,0.0,0.0,0.0,0.0,1.0,0.0,0.0,0.0,0.0,-0.093347564,0.9175246357917786,-0.7011367,0.9981215000152588,-0.8240141,0.8610715270042419,-0.511428,0.9896318316459656,-0.47294033,0.9988235831260681,40-70,1,1,0,1,1,1.0,0.8,0.0,0.9,1.0,0
39c80054fc3c4e76,1,0,1,1,0,1,58.0,4.0,0.0,0.0,1.0,0.0,1.0,0.0,0.0,1.0,0.0,1.7763387,0.9816831350326538,-0.7455808,0.03901166841387749,-0.8660317,0.31189820170402527,2.049287,0.998507559299469,-0.51283926,0.0384661927819252,40-70,1,0,1,1,0,1.0,0.0,1.0,1.0,0.0,0
fad860b74802a828,1,0,1,0,0,1,194.0,1.0,0.0,1.0,0.0,0.0,1.0,0.0,1.0,0.0,0.0,0.3459459,0.0006035309052094817,0.014619704,0.005630962084978819,1.0939909,0.0011181937297806144,-0.26867622,0.00682395463809371,0.021592759,0.008560892194509506,120+,1,0,1,1,0,0.6,0.0,0.4,0.6,0.0,0
fdd53442f6d91706,1,0,0,0,0,1,97.0,1.0,0.0,0.0,1.0,0.0,1.0,0.0,0.0,1.0,0.0,-0.03574594,0.17902764678001404,-0.7079267,0.9898499250411987,-0.8008262,0.007937994785606861,2.055676,0.957277774810791,-0.49027556,0.010986942797899246,70-120,1,0,0,1,0,0.9,0.0,0.0,0.8,0.0,0
e51c730bac31abd0,1,0,1,0,0,1,40.0,0.0,0.0,1.0,0.0,0.0,0.0,0.0,1.0,0.0,0.0,-1.4142804,0.013096003793179989,-0.7093537,0.03053094632923603,0.7705583,0.7267650365829468,-0.49445003,0.017143769189715385,-0.48677254,0.00682395463809371,40-70,1,0,0,1,0,0.8,0.0,0.0,0.7,0.0,0
b42362ff457eefb3,1,0,1,0,0,1,60.0,2.0,0.0,0.0,0.0,0.0,1.0,0.0,0.0,0.0,0.0,0.8242796,0.32487764954566956,-0.68647516,0.00999422837048769,-0.81223446,0.013070785440504551,-0.5070439,0.9325762391090393,-0.4831786,0.004442394245415926,40-70,1,0,1,1,0,1.0,0.0,1.0,1.0,0.0,0
6ca5ce66732a8dec,0,0,0,0,0,1,140.0,1.0,0.0,1.0,0.0,1.0,1.0,0.0,1.0,0.0,1.0,0.023647787,0.000317508791340515,-0.63330853,0.0006745558930560946,0.9367197,9.610241977497935e-05,-0.5075301,6.229333666851744e-05,2.0964768,0.00041406950913369656,120+,1,0,0,1,0,0.2,0.0,0.0,0.2,0.0,0
9a4603c9a2fa194e,1,0,1,0,1,1,83.0,1.0,0.0,0.0,0.0,0.0,1.0,0.0,0.0,0.0,0.0,-0.104213394,0.2906787693500519,-0.68597335,0.9948202967643738,-0.7839942,0.08985311537981033,-0.5027082,0.973087728023529,-0.47602656,0.9645892381668091,70-120,1,1,1,1,1,1.0,0.8,0.9,1.0,1.0,0
8d55973d900811b5,1,0,1,0,0,1,37.0,3.0,0.0,0.0,0.0,0.0,1.0,0.0,0.0,0.0,0.0,1.3155613,0.9951608777046204,-0.74004745,0.10466020554304123,-0.8311541,0.048767104744911194,-0.5028255,0.9993845224380493,-0.48922032,0.030185982584953308,15-40,1,0,0,1,0,1.0,0.0,0.0,1.0,0.0,0
7e367c1c14cbf662,1,1,1,0,0,10,51.0,1.0,1.0,1.0,0.0,0.0,1.0,1.0,1.0,0.0,0.0,-0.0558199,0.48391038179397583,1.3537451,0.9965770244598389,0.813973,0.05227922275662422,-0.5161424,0.984351396560669,-0.49515694,0.2876177132129669,40-70,1,1,1,1,0,1.0,1.0,1.0,1.0,0.0,0
ae2a70482d759436,1,0,1,1,0,10,96.0,6.0,0.0,1.0,2.0,0.0,1.0,0.0,1.0,1.0,0.0,2.3264096,0.9838005304336548,-0.72795403,0.3549359440803528,0.80740696,0.10026027262210846,3.4412732,0.9987404346466064,-0.44658017,0.06383160501718521,70-120,1,0,1,1,0,1.0,0.0,1.0,1.0,0.0,0
b9f6c3aec8864788,1,1,1,0,0,1,74.0,1.0,1.0,1.0,0.0,0.0,1.0,1.0,1.0,0.0,0.0,-0.07485437,0.15159210562705994,1.3770089,0.9874720573425293,0.8071789,0.20713452994823456,-0.4982885,0.9602121710777283,-0.47930282,0.023689473047852516,70-120,1,1,1,1,0,1.0,1.0,1.0,1.0,0.0,0
366a39c0a5464bab,1,0,1,0,0,1,80.0,1.0,0.0,1.0,0.0,0.0,1.0,0.0,1.0,0.0,0.0,-0.020875476,0.06853749603033066,-0.6816754,0.019889743998646736,0.8149121,0.8018582463264465,-0.4984494,0.9953181743621826,-0.47383583,0.02124669961631298,70-120,1,0,1,1,0,0.9,0.0,0.9,0.9,0.0,0
9c0067403626f3be,1,0,1,0,1,1,111.0,1.0,0.0,2.0,0.0,0.0,1.0,0.0,1.0,0.0,0.0,-0.057267915,0.998932957649231,-0.6915719,0.8397996425628662,2.0081515,0.6466276049613953,-0.5256718,0.9992985725402832,-0.47617766,0.9779887199401855,70-120,1,1,1,1,1,1.0,0.5,1.0,1.0,1.0,0
57883d5f991508e0,1,0,1,1,0,1,56.0,0.0,0.0,0.0,0.0,0.0,0.0,0.0,0.0,0.0,0.0,-1.4214891,0.004231587518006563,-0.6798196,0.009689717553555965,-0.82448405,0.00021194235887378454,-0.50834334,0.010902374982833862,-0.48514596,0.0018102108733728528,40-70,1,0,1,1,0,0.6,0.0,0.3,0.4,0.0,0
4a9659679d39e894,1,1,0,1,0,1,102.0,0.0,1.0,1.0,0.0,0.0,0.0,1.0,1.0,0.0,0.0,-1.3827351,0.5841673612594604,1.4567499,0.9825072288513184,0.77103585,0.8311430811882019,-0.5134256,0.9759464859962463,-0.48512578,0.23952718079090118,70-120,1,1,1,1,0,1.0,1.0,0.8,1.0,0.0,0
af579f54292b44cd,1,0,0,0,0,1,48.0,2.0,1.0,0.0,0.0,0.0,1.0,1.0,0.0,0.0,0.0,0.78782016,0.0810093805193901,1.390581,0.9937586784362793,-0.8165491,0.7311545610427856,-0.50080925,0.8403900861740112,-0.4955853,0.010348135605454445,40-70,1,1,0,1,1,1.0,1.0,0.0,1.0,1.0,0
c27c7bfa28a242ee,1,0,0,0,0,1,54.0,1.0,1.0,0.0,2.0,0.0,1.0,1.0,0.0,1.0,0.0,-0.07788654,0.8249560594558716,1.3179626,0.9730364680290222,-0.8096555,0.06644792854785919,3.662588,0.9488698840141296,-0.5064594,0.0026991665363311768,40-70,1,1,0,1,0,1.0,0.8,0.0,1.0,0.0,0
656d96208b11f6e5,1,0,0,0,0,1,31.0,0.0,0.0,1.0,0.0,0.0,0.0,0.0,1.0,0.0,0.0,-1.4247069,0.03365296497941017,-0.69407314,0.7105780839920044,0.8300913,0.03419705852866173,-0.517005,0.8384814858436584,-0.48631224,0.005598248913884163,15-40,1,0,1,1,0,0.9,0.0,0.8,0.8,0.0,0
a6af5eb2b68c91a0,1,0,0,0,0,10,39.0,1.0,0.0,1.0,1.0,0.0,1.0,0.0,1.0,1.0,0.0,-0.071640216,0.9825909733772278,-0.7138682,0.9593451619148254,0.79147804,0.5929760336875916,1.952517,0.9938430190086365,-0.5130223,0.23074635863304138,15-40,1,0,0,1,0,1.0,0.0,0.0,1.0,0.0,0
091b61942dffb784,1,0,1,0,1,1,41.0,0.0,0.0,1.0,0.0,1.0,0.0,0.0,1.0,0.0,1.0,-1.3834656,0.019475216045975685,-0.6934978,0.42736685276031494,0.81593376,0.9369805455207825,-0.5370472,0.9646225571632385,2.0562513,0.9932156205177307,40-70,1,0,1,1,1,0.9,0.0,0.8,0.8,1.0,0
49519893c317a1a7,1,0,1,0,0,1,123.0,3.0,0.0,1.0,0.0,0.0,1.0,0.0,1.0,0.0,0.0,1.3023223,0.8492224812507629,-0.71911347,0.1406310498714447,0.8083836,0.6076340675354004,-0.51559955,0.9967586398124695,-0.4936024,0.05712397024035454,120+,1,0,1,1,0,0.95,0.0,0.8,0.9,0.0,0
e3d2a7ce3ffb85a7,1,0,1,1,1,10,96.0,2.0,0.0,1.0,1.0,1.0,1.0,0.0,1.0,1.0,1.0,0.8250698,0.9787735342979431,-0.7077922,0.9909447431564331,0.79184633,0.8660759329795837,2.1831622,0.9988440871238708,2.1150851,0.990044355392456,70-120,1,0,1,1,1,1.0,0.0,1.0,1.0,1.0,0
05ad3ebb07b7321c,1,0,0,1,1,1,180.0,6.0,3.0,1.0,0.0,0.0,1.0,1.0,1.0,0.0,0.0,2.0341525,0.974190354347229,3.16033,0.12874406576156616,1.1667671,0.024940254166722298,-0.2912361,0.035244327038526535,0.28794548,0.03228326141834259,120+,1,1,0,1,1,1.0,1.0,0.0,1.0,1.0,0
43f4caf2a6c50ac1,1,0,1,0,0,10,331.0,3.0,1.0,3.0,0.0,1.0,1.0,1.0,1.0,0.0,1.0,1.1255628,0.9501340389251709,0.09070339,0.89638751745224,2.2579129,0.49907681345939636,-0.27035984,0.9872281551361084,0.06568264,0.053009770810604095,120+,1,1,1,1,0,0.9,0.8,0.9,0.9,0.0,0
dd0f87a31194bbe1,1,1,1,0,0,1,163.0,3.0,2.0,3.0,0.0,0.0,1.0,1.0,1.0,0.0,0.0,1.0979706,0.8653379082679749,1.732599,0.9850717186927795,2.6422465,0.962178647518158,-0.31619745,0.9937100410461426,-0.1274831,0.09113913774490356,120+,1,1,1,1,0,1.0,1.0,1.0,1.0,0.0,0
8ee82a69d79468b8,0,0,0,0,0,1,22.0,0.0,0.0,0.0,0.0,0.0,0.0,0.0,0.0,0.0,0.0,-1.4144506,0.9280183911323547,-0.6830531,0.9837069511413574,-0.8224423,0.011485951952636242,-0.4976895,0.9847230911254883,-0.4674012,0.03053094632923603,15-40,1,0,0,1,0,1.0,0.0,0.0,1.0,0.0,0
6560e2197eb113e9,1,0,1,0,1,1,68.0,0.0,0.0,0.0,1.0,0.0,0.0,0.0,0.0,1.0,0.0,-1.356304,0.8062431216239929,-0.72050303,0.4098406732082367,-0.8290577,0.8641958832740784,2.0230906,0.9929609298706055,-0.49963486,0.9973217844963074,40-70,1,0,1,1,1,1.0,0.0,1.0,1.0,1.0,0
2d8afdfb00071e19,1,1,1,0,0,1,26.0,2.0,1.0,1.0,0.0,0.0,1.0,1.0,1.0,0.0,0.0,0.7329725,0.8295609951019287,1.332234,0.9858956933021545,0.7959989,0.13095079362392426,-0.5005649,0.9864155650138855,-0.49768823,0.0389750711619854,15-40,1,1,1,1,0,1.0,1.0,1.0,1.0,0.0,0
53b0bed69486f04b,1,0,0,0,1,1,49.0,3.0,0.0,1.0,0.0,0.0,1.0,0.0,1.0,0.0,0.0,1.4070244,0.9771101474761963,-0.74457765,0.3791484832763672,0.7975901,0.31880322098731995,-0.50844675,0.9963071942329407,-0.4819439,0.9464483261108398,40-70,1,0,0,1,1,1.0,0.0,0.0,1.0,1.0,0
12a3d84c816f73f6,1,0,1,0,1,1,79.0,2.0,0.0,2.0,0.0,0.0,1.0,0.0,1.0,0.0,0.0,0.7564629,0.9952540397644043,-0.6931761,0.8414351344108582,1.7699206,0.0372217558324337,-0.508607,0.9962999224662781,-0.48029736,0.9590776562690735,70-120,1,0,1,1,1,1.0,0.0,1.0,1.0,1.0,0
a23b38d249b450d9,1,1,1,0,0,10,114.0,4.0,1.0,2.0,0.0,0.0,1.0,1.0,1.0,0.0,0.0,1.7538385,0.9762879014015198,1.3431792,0.9935243129730225,2.09409,0.7287966012954712,-0.5348839,0.9909971356391907,-0.54979616,0.12043880671262741,70-120,1,1,1,1,0,1.0,1.0,1.0,1.0,0.0,0
3509b5e0cd4e3127,1,1,1,0,0,1,299.0,4.0,0.0,7.0,0.0,0.0,1.0,0.0,1.0,0.0,0.0,0.4005905,0.9641867876052856,-0.08356873,0.9949690699577332,1.0771823,0.14884963631629944,-0.29939738,0.9372682571411133,0.02157804,0.025687135756015778,120+,1,1,0,1,1,0.9,0.8,0.0,0.9,0.6,0
17c374e4e11d66ed,1,0,1,1,0,1,40.0,1.0,0.0,0.0,1.0,0.0,1.0,0.0,0.0,1.0,0.0,-0.105045736,0.2864685356616974,-0.7304164,0.22042635083198547,-0.82786304,0.9480584263801575,2.0134063,0.9996964931488037,-0.4997909,0.004953306633979082,40-70,1,0,1,1,0,1.0,0.0,1.0,1.0,0.0,0
cfbc64bd475f2499,1,1,0,1,0,1,58.0,2.0,1.0,0.0,1.0,0.0,1.0,1.0,0.0,1.0,0.0,0.7686762,0.41182032227516174,1.4053713,0.941439151763916,-0.83829314,0.01912403665482998,1.9641849,0.952175498008728,-0.5379255,0.029507363215088844,40-70,1,1,1,1,0,0.8,0.9,0.7,0.9,0.0,0
761d9bb08b16dc24,1,0,1,0,0,1,208.0,3.0,1.0,5.0,0.0,0.0,1.0,1.0,1.0,0.0,0.0,1.1501063,0.20347002148628235,1.7121582,0.00585396122187376,1.1702095,0.007695646490901709,-0.3054854,0.995479166507721,0.16560367,0.002070826943963766,120+,1,1,1,1,0,0.9,0.8,0.9,0.8,0.0,0
703fc825618a2682,1,0,0,0,1,1,83.0,4.0,0.0,0.0,1.0,0.0,1.0,0.0,0.0,1.0,0.0,1.7253093,0.9479140043258667,-0.73355746,0.9878528714179993,-0.8625415,0.5467003583908081,2.0421293,0.9962637424468994,-0.48564172,0.9981826543807983,70-120,1,0,0,1,1,1.0,0.0,0.0,1.0,1.0,0
bf36071ccc9fece2,1,1,0,0,0,1,224.0,4.0,1.0,1.0,0.0,0.0,1.0,1.0,1.0,0.0,0.0,1.7636405,0.9982003569602966,0.15572251,0.9721779227256775,1.1767644,0.686527669429779,-0.22225276,0.9972261786460876,0.28189883,0.06296183168888092,120+,1,1,1,1,0,1.0,1.0,1.0,1.0,0.0,0
5aff31c545df15f8,1,0,0,1,1,10,25.0,1.0,0.0,0.0,0.0,0.0,1.0,0.0,0.0,0.0,0.0,-0.08696066,0.08247537165880203,-0.6878476,0.6000418663024902,-0.8158556,0.06773144751787186,-0.48975825,0.9749884009361267,-0.47530535,0.8575893044471741,15-40,1,0,0,1,1,1.0,0.0,0.0,1.0,1.0,0
b78299b18bd704ab,1,0,0,0,0,10,72.0,4.0,1.0,2.0,0.0,0.0,1.0,1.0,1.0,0.0,0.0,1.920085,0.4869624078273773,1.3457772,0.9317114949226379,2.0413864,0.05797139182686806,-0.5158746,0.9973060488700867,-0.54082257,0.05981147661805153,70-120,1,1,1,1,0,1.0,0.5,0.5,1.0,0.0,0
26eae2c592f85ee0,1,0,1,0,0,1,88.0,1.0,0.0,0.0,0.0,0.0,1.0,0.0,0.0,0.0,0.0,-0.124427244,0.1718936413526535,-0.6837927,0.9913724660873413,-0.8021461,0.15720154345035553,-0.51199114,0.9883577823638916,-0.4829707,0.2617081105709076,70-120,1,1,1,1,0,1.0,0.8,0.9,0.9,0.0,0
12f9533fda2a47e1,1,0,0,1,0,1,145.0,2.0,0.0,1.0,2.0,0.0,1.0,0.0,1.0,1.0,0.0,1.0564476,0.991938054561615,0.066116914,0.7317780256271362,1.0887994,0.9669139981269836,2.0709562,0.999328076839447,0.11144989,0.05252167209982872,120+,1,0,0,1,0,1.0,0.0,0.0,1.0,0.0,0
414f8089afd3430e,1,0,1,0,1,1,58.0,0.0,0.0,0.0,0.0,1.0,0.0,0.0,0.0,0.0,1.0,0.03579027,0.5721849799156189,-0.67760515,0.945248007774353,-0.854169,0.39318111538887024,-0.52275574,0.9986409544944763,2.1044004,0.9949983954429626,40-70,1,0,1,1,1,1.0,0.0,1.0,1.0,1.0,0
2210cdda65f5d08c,1,1,1,0,0,1,194.0,7.0,1.0,2.0,0.0,0.0,1.0,1.0,1.0,0.0,0.0,2.3559957,0.9988004565238953,0.21733205,0.9843814373016357,2.4111986,0.08035746216773987,-0.2331565,0.9925393462181091,0.26218382,0.08494710922241211,120+,1,1,0,1,0,1.0,1.0,0.0,1.0,0.0,0
a00eec23dece34e7,1,0,1,1,0,10,56.0,2.0,0.0,1.0,0.0,0.0,1.0,0.0,1.0,0.0,0.0,0.8373984,0.8828830122947693,-0.71370894,0.3274531960487366,0.8345205,0.702785074710846,-0.52890515,0.9984573125839233,-0.47481146,0.02854415401816368,40-70,1,0,1,1,0,1.0,0.0,1.0,1.0,0.0,0
1baaf1b72a0c969e,1,0,0,1,0,1,27.0,1.0,0.0,0.0,1.0,0.0,1.0,0.0,0.0,1.0,0.0,-0.11605778,0.9965503215789795,-0.71561563,0.1872069537639618,-0.82310027,0.03817827254533768,2.0051646,0.9980005621910095,-0.51232976,0.0019532060250639915,15-40,1,0,0,1,0,0.9,0.0,0.0,0.9,0.0,0
ed3bd9bbfc466f8a,1,0,0,0,0,10,54.0,2.0,0.0,1.0,0.0,0.0,1.0,0.0,1.0,0.0,0.0,0.76457304,0.9682313799858093,-0.7060108,0.04747001454234123,0.7890572,0.06052939593791962,-0.51427054,0.9957020878791809,-0.4885462,0.00371447391808033,40-70,1,0,0,1,0,1.0,0.0,0.0,1.0,0.0,0
80219744f5c5fbb2,1,1,0,0,0,1,97.0,3.0,2.0,0.0,0.0,0.0,1.0,1.0,0.0,0.0,0.0,1.4363675,0.9854404926300049,2.7670097,0.9945094585418701,-0.82648855,0.006903838831931353,-0.5227041,0.994213879108429,-0.44066894,0.06608538329601288,70-120,1,1,1,1,0,0.8,1.0,0.9,0.7,0.0,0
aac75dafdb8e1f58,1,0,1,1,0,1,110.0,5.0,0.0,1.0,0.0,0.0,1.0,0.0,1.0,0.0,0.0,2.1645694,0.9958418011665344,-0.7445329,0.906653106212616,0.785365,0.021125193685293198,-0.53552717,0.9824568033218384,-0.5234893,0.020924191921949387,70-120,1,0,1,1,0,1.0,0.0,0.8,1.0,0.0,0
77e96e084642b034,1,1,1,1,0,10,133.0,3.0,1.0,2.0,0.0,0.0,1.0,1.0,1.0,0.0,0.0,1.3401055,0.9499022364616394,1.3282785,0.990767776966095,1.9258476,0.03504563868045807,-0.5034416,0.9958740472793579,-0.5225885,0.07744786143302917,120+,1,1,1,1,0,1.0,1.0,0.8,1.0,0.0,0
a130352847cefa08,1,0,1,0,0,10,155.0,4.0,0.0,4.0,0.0,0.0,1.0,0.0,1.0,0.0,0.0,1.5703704,0.9980506300926208,0.11758564,0.8502822518348694,3.5523398,0.4350462555885315,-0.28382117,0.9975225329399109,0.16252238,0.05937366187572479,120+,1,0,1,1,0,1.0,0.0,1.0,1.0,0.0,0
44e1b2f91eeaab8a,1,1,1,1,1,10,65.0,0.0,1.0,1.0,1.0,1.0,0.0,1.0,1.0,1.0,1.0,-1.3785081,0.8756807446479797,1.5172167,0.9087799191474915,0.97178006,0.9838160872459412,2.1465018,0.982030987739563,2.1102498,0.9544355273246765,40-70,1,1,1,1,1,0.9,0.8,0.9,0.9,1.0,0
62284900bf69b8b5,1,1,0,0,1,1,124.0,6.0,0.0,1.0,0.0,1.0,1.0,0.0,1.0,0.0,1.0,2.58269,0.9955834150314331,-0.71331066,0.9440738558769226,0.7224724,0.07647662609815598,-0.49584994,0.908820390701294,1.9810278,0.9813106656074524,120+,1,0,0,1,1,1.0,0.0,0.0,1.0,1.0,0
926d138bba90825b,1,1,0,1,1,1,54.0,4.0,1.0,1.0,0.0,0.0,1.0,1.0,1.0,0.0,0.0,1.8052626,0.9899864792823792,1.2868936,0.998504638671875,0.84856373,0.05384937673807144,-0.53768474,0.9806919097900391,-0.5144219,0.18162581324577332,40-70,1,1,0,1,0,1.0,1.0,0.0,1.0,0.0,0
86307c852003f85b,1,0,0,1,0,1,285.0,8.0,0.0,1.0,1.0,1.0,1.0,0.0,1.0,1.0,1.0,1.9179143,0.9952816367149353,-0.34321907,0.5795491933822632,1.049145,0.002867158968001604,-0.36481196,0.9953544735908508,2.2718585,0.010209054686129093,120+,1,0,0,1,0,0.9,0.0,0.0,0.9,0.0,0
243fab856fcb9106,1,0,1,1,0,1,121.0,3.0,1.0,1.0,0.0,0.0,1.0,1.0,1.0,0.0,0.0,1.5339488,0.03673489764332771,1.3916289,0.06572467088699341,0.95964384,0.14706450700759888,0.7838327,0.24698714911937714,-0.48567182,0.007953389547765255,120+,1,1,1,1,0,0.9,0.8,0.7,0.8,0.0,0
c449e9c8464460a7,1,0,1,0,0,1,131.0,6.0,0.0,1.0,0.0,0.0,1.0,0.0,1.0,0.0,0.0,2.3445761,0.9246876835823059,-0.74075913,0.7326874732971191,0.74262214,0.36302563548088074,-0.51057464,0.9944666624069214,-0.5172596,0.0916256532073021,120+,1,0,1,1,0,0.9,0.0,0.9,0.8,0.0,0
82fce0bcbd272843,1,0,0,0,1,10,73.0,1.0,0.0,2.0,1.0,0.0,1.0,0.0,1.0,1.0,0.0,-0.030270938,0.8718026876449585,-0.7012799,0.9484895467758179,1.979453,0.043204039335250854,1.9978919,0.9977127313613892,-0.4708321,0.9973165988922119,70-120,1,0,0,1,1,1.0,0.0,0.0,1.0,1.0,0
67cd2bd018c9faac,1,0,1,0,1,1,71.0,2.0,1.0,0.0,0.0,1.0,1.0,1.0,0.0,0.0,1.0,0.7452486,0.9823386073112488,1.3366033,0.6690965294837952,-0.8013096,0.11879339814186096,-0.5373882,0.9942920207977295,2.0940335,0.9955919981002808,70-120,1,0,1,1,1,0.9,0.0,0.8,0.8,1.0,0
0eff9422bdf9d817,1,0,0,0,0,1,73.0,0.0,0.0,0.0,0.0,0.0,0.0,0.0,0.0,0.0,0.0,-1.4129006,0.8282453417778015,-0.6810569,0.9927952885627747,-0.824839,0.11323592066764832,-0.511372,0.9685899019241333,-0.4792316,0.9976632595062256,70-120,1,1,0,1,1,1.0,1.0,0.0,1.0,1.0,1
7ac7bd110859a7d4,1,0,0,1,0,1,249.0,2.0,0.0,2.0,1.0,0.0,1.0,0.0,1.0,1.0,0.0,1.0876316,0.16742274165153503,-0.0910661,0.7862127423286438,-0.41447237,0.9440738558769226,-0.26331618,0.9952355623245239,-0.029765466,0.7418610453605652,120+,1,0,1,1,1,0.9,0.0,0.9,0.8,0.9,0
2739ca5537423553,1,0,1,0,0,1,23.0,0.0,0.0,0.0,0.0,0.0,0.0,0.0,0.0,0.0,0.0,-1.4121825,0.023893598467111588,-0.679659,0.053799647837877274,-0.820763,0.009577910415828228,-0.5154423,0.864367663860321,-0.47218823,0.021004365757107735,15-40,1,0,0,1,0,1.0,0.0,0.0,1.0,0.0,0
3a3c35b6f07ebd31,1,1,1,0,1,1,88.0,3.0,2.0,0.0,1.0,1.0,1.0,1.0,0.0,1.0,1.0,1.4719126,0.9291837811470032,2.707603,0.9870296120643616,-0.96051633,0.30203068256378174,2.0877476,0.9937100410461426,2.2030838,0.9801293015480042,70-120,1,1,0,1,1,1.0,1.0,0.0,1.0,1.0,0
ff3ebbf0edc9a177,1,1,1,0,0,1,31.0,2.0,1.0,0.0,0.0,0.0,1.0,1.0,0.0,0.0,0.0,0.7754119,0.9666631817817688,1.3453218,0.9936487674713135,-0.80374825,0.7398925423622131,-0.5046655,0.9979612231254578,-0.49462742,0.8171371817588806,15-40,1,1,1,1,0,1.0,1.0,0.8,1.0,0.0,0
bcd89f044345835d,1,1,1,0,0,1,72.0,0.0,1.0,0.0,1.0,0.0,0.0,1.0,0.0,1.0,0.0,-1.40126,0.1693371683359146,1.4401729,0.9508236050605774,-0.8335714,0.7581974267959595,2.0044432,0.9719126224517822,-0.50617063,0.2073751837015152,70-120,1,1,1,1,0,1.0,1.0,0.5,1.0,0.0,0
d6c01526c9270370,1,0,0,0,0,1,64.0,3.0,0.0,2.0,0.0,0.0,1.0,0.0,1.0,0.0,0.0,1.3342937,0.9914224743843079,-0.7275661,0.9783018827438354,1.8707657,0.7554565668106079,-0.5119863,0.9968149065971375,-0.52357394,0.032497506588697433,40-70,1,0,0,1,0,1.0,0.0,0.0,1.0,0.0,0
151eb0230b93bf71,1,1,0,0,0,1,47.0,1.0,1.0,1.0,0.0,0.0,1.0,1.0,1.0,0.0,0.0,-0.1185607,0.9312127232551575,1.3467482,0.9869669675827026,0.77819055,0.34163740277290344,-0.4931605,0.9955834150314331,-0.4888545,0.06142404302954674,40-70,1,1,1,1,0,0.9,0.8,0.8,0.8,0.0,0
cace08bc0fb88539,1,1,1,1,0,1,64.0,1.0,2.0,1.0,2.0,0.0,1.0,1.0,1.0,1.0,0.0,-0.13455516,0.9685304164886475,2.6140392,0.9962345957756042,0.855106,0.03368473798036575,3.6130085,0.9987404942512512,-0.49676308,0.052960772067308426,40-70,1,1,1,1,0,1.0,1.0,0.8,1.0,0.0,0
0f86d5d3ec97b8cc,1,0,0,0,0,10,39.0,4.0,0.0,0.0,0.0,0.0,1.0,0.0,0.0,0.0,0.0,1.84779,0.996182918548584,-0.7476341,0.860193133354187,-0.8312563,0.8150853514671326,-0.5246818,0.9983958601951599,-0.49951467,0.014559520408511162,15-40,1,0,0,1,0,1.0,0.0,0.0,1.0,0.0,0
a6ea0de9ee6a43c5,1,0,0,0,0,1,44.0,1.0,0.0,0.0,0.0,0.0,1.0,0.0,0.0,0.0,0.0,-0.09111191,0.37564918398857117,-0.67472297,0.8561521172523499,-0.81658924,0.7639243602752686,-0.501909,0.9889492392539978,-0.4731778,0.01807265728712082,40-70,1,0,1,1,0,0.9,0.0,0.8,0.8,0.0,0
975afdc14dbfd822,1,1,1,0,1,1,160.0,2.0,2.0,0.0,0.0,0.0,1.0,1.0,0.0,0.0,0.0,1.1574634,0.988004207611084,3.0613265,0.9992504715919495,-0.48029318,0.9664104580879211,-0.45256147,0.9962418675422668,0.03092917,0.933673083782196,120+,1,1,1,1,1,1.0,1.0,0.8,1.0,1.0,0
9e360450a2d72654,1,0,0,0,0,1,46.0,0.0,0.0,0.0,0.0,0.0,0.0,0.0,0.0,0.0,0.0,-1.4064165,0.9137535691261292,-0.68553126,0.9262370467185974,-0.8291909,0.22210901975631714,-0.4998241,0.9969006180763245,-0.4742929,0.01711088977754116,40-70,1,0,0,1,0,1.0,0.0,0.0,1.0,0.0,0
6b1ad46dd8b84357,1,0,1,1,0,10,30.0,2.0,0.0,0.0,0.0,0.0,1.0,0.0,0.0,0.0,0.0,0.77452934,0.8834874629974365,-0.7101239,0.04885777831077576,-0.8100313,0.45606908202171326,-0.4784817,0.9991152286529541,-0.47816217,0.017712300643324852,15-40,1,0,1,1,0,0.9,0.0,0.9,0.9,0.0,0
eb87b363649e25e2,1,0,1,1,0,1,252.0,5.0,2.0,3.0,0.0,0.0,1.0,1.0,1.0,0.0,0.0,1.2449266,0.02630528248846531,1.8431844,0.9061144590377808,1.1516237,0.9802241921424866,-0.2810047,0.9955316185951233,0.22292343,0.027769243344664574,120+,1,1,1,1,0,0.95,0.8,0.9,0.9,0.0,0
6423876cf017311c,1,0,0,1,1,1,80.0,1.0,0.0,1.0,0.0,1.0,1.0,0.0,1.0,0.0,1.0,-0.04289358,0.9958579540252686,-0.67860556,0.9628132581710815,0.8106607,0.4949113428592682,-0.5157484,0.9993953108787537,2.0691545,0.9835495948791504,70-120,1,0,0,1,1,1.0,0.0,0.0,1.0,1.0,0
712996fb56291b09,1,0,0,0,0,1,52.0,2.0,0.0,0.0,0.0,0.0,1.0,0.0,0.0,0.0,0.0,0.83046174,0.9587699770927429,-0.72478575,0.9950851202011108,-0.814513,0.03010033816099167,-0.4974445,0.9895109534263611,-0.4876632,0.7064943313598633,40-70,1,1,0,1,0,1.0,0.5,0.0,1.0,0.0,0
7bbacd8b61d398c7,1,0,1,0,0,1,54.0,2.0,0.0,0.0,0.0,0.0,1.0,0.0,0.0,0.0,0.0,0.7896993,0.03419705107808113,-0.7036987,0.8186643123626709,-0.8293209,0.20315368473529816,-0.49531466,0.8413047790527344,-0.49122623,0.0014607496559619904,40-70,1,0,0,1,0,1.0,0.0,0.0,1.0,0.0,0
9b56bbb4d8e203d6,1,0,0,0,0,1,26.0,0.0,0.0,0.0,0.0,0.0,0.0,0.0,0.0,0.0,0.0,-1.4260021,0.9266363978385925,-0.695771,0.8758931756019592,-0.8173814,0.01521829143166542,-0.50220984,0.9988991022109985,-0.47660363,0.03908495232462883,15-40,1,0,0,1,0,0.9,0.0,0.0,0.8,0.0,0
030978aa0e1a51a0,1,0,0,0,1,10,18.0,0.0,0.0,0.0,0.0,2.0,0.0,0.0,0.0,0.0,1.0,-1.368252,0.9506863951683044,-0.6583562,0.6152323484420776,-0.7474993,0.033117230981588364,-0.41179654,0.9964203238487244,3.8197458,0.997383713722229,15-40,1,0,0,0,1,0.9,0.0,0.0,0.0,1.0,0
ec3444b55485bba5,1,0,1,0,1,10,63.0,1.0,0.0,0.0,0.0,0.0,1.0,0.0,0.0,0.0,0.0,-0.11154257,0.9624620079994202,-0.67435306,0.8949732184410095,-0.80073464,0.015739111229777336,-0.50728977,0.9972584843635559,-0.46564546,0.9966299533843994,40-70,1,0,1,1,1,0.9,0.0,0.8,0.8,0.9,0
c8a89061b4d5536a,1,0,0,0,1,1,95.0,2.0,0.0,0.0,0.0,0.0,1.0,0.0,0.0,0.0,0.0,0.7991824,0.9988530874252319,-0.70158505,0.9850716590881348,-0.7989405,0.7147275805473328,-0.50174004,0.9991474747657776,-0.48252037,0.04393653944134712,70-120,1,1,1,1,1,1.0,1.0,0.8,1.0,1.0,0
932cc2857a0472f6,1,1,0,0,0,1,28.0,0.0,1.0,0.0,0.0,0.0,0.0,1.0,0.0,0.0,0.0,-1.4495574,0.0838903933763504,1.4090505,0.9990600943565369,-0.8612478,0.016561336815357208,-0.5184976,0.9879112839698792,-0.47506762,0.9093450307846069,15-40,1,1,0,0,0,0.8,0.9,0.0,0.0,0.0,0
a2c05e2dd1e83eb7,1,1,0,0,0,1,29.0,0.0,1.0,0.0,0.0,0.0,0.0,1.0,0.0,0.0,0.0,-1.4263492,0.9413313865661621,1.368492,0.9851146936416626,-0.83573,0.12007720023393631,-0.5205659,0.9980468153953552,-0.49316236,0.7920624017715454,15-40,1,1,0,0,0,1.0,1.0,0.0,0.0,0.0,0
c01201eb7f401c2f,1,1,1,0,0,1,34.0,1.0,1.0,1.0,0.0,0.0,1.0,1.0,1.0,0.0,0.0,-0.041013505,0.0749729722738266,1.3618513,0.9522199034690857,0.7926505,0.45381397008895874,-0.49905306,0.9668201208114624,-0.48781297,0.14342749118804932,15-40,1,1,1,1,0,1.0,1.0,0.8,1.0,0.0,0
595ae6c2ab317dd3,1,0,1,0,0,10,22.0,1.0,0.0,1.0,0.0,0.0,1.0,0.0,1.0,0.0,0.0,-0.111342706,0.9914887547492981,-0.68976885,0.6171954274177551,0.7587925,0.3640424311161041,-0.48581827,0.9975417852401733,-0.48446155,0.020606478676199913,15-40,1,0,1,1,0,1.0,0.0,1.0,1.0,0.0,0
e64e34b1c4beedaf,1,1,0,0,0,1,121.0,5.0,0.0,1.0,0.0,0.0,1.0,0.0,1.0,0.0,0.0,2.1776662,0.9728307127952576,-0.72991157,0.9865458607673645,0.75195694,0.035012632608413696,-0.5119405,0.9928091764450073,-0.50607574,0.14940723776817322,120+,1,0,0,1,0,1.0,0.0,0.0,1.0,0.0,0
0de07906f9d010ad,1,0,1,1,1,1,162.0,0.0,0.0,0.0,0.0,0.0,0.0,0.0,0.0,0.0,0.0,-0.38084272,0.4880441427230835,0.044753306,0.9388007521629333,-0.26916948,0.9174507260322571,-0.22125985,0.9923785328865051,0.16584747,0.9896818399429321,120+,1,1,1,1,1,1.0,1.0,1.0,1.0,1.0,0
cdd8766419fcf567,1,0,1,1,0,1,153.0,3.0,0.0,1.0,1.0,0.0,1.0,0.0,1.0,1.0,0.0,1.6219056,0.9617499709129333,0.06757511,0.425426185131073,1.1895106,0.6422922611236572,2.1754715,0.9992504715919495,0.19453694,0.008847354911267757,120+,1,1,1,1,1,1.0,0.5,0.5,1.0,0.5,0
74ccfce8aa82b320,1,0,1,0,0,1,27.0,0.0,0.0,0.0,0.0,0.0,0.0,0.0,0.0,0.0,0.0,-1.4086245,0.011419613845646381,-0.68518007,0.715523362159729,-0.8220069,0.964655876159668,-0.5057254,0.9869669675827026,-0.47515225,0.00577493105083704,15-40,1,0,1,1,0,1.0,0.0,1.0,1.0,0.0,0
43a986242eeb1cab,1,1,1,0,0,1,38.0,1.0,0.0,1.0,0.0,0.0,1.0,0.0,1.0,0.0,0.0,-0.07496851,0.039453379809856415,-0.6842596,0.9451467990875244,0.7946707,0.0005152656813152134,-0.50712997,0.7962132096290588,-0.49288815,0.003469891147688031,15-40,1,0,1,0,0,0.6,0.0,0.7,0.0,0.0,0
1850605ca29d4ba2,1,0,0,1,0,1,55.0,4.0,0.0,1.0,0.0,0.0,1.0,0.0,1.0,0.0,0.0,1.9943058,0.8725103735923767,-0.75488013,0.9749646186828613,0.7820081,0.02149176597595215,-0.5328026,0.94438236951828,-0.5106274,0.012895588763058186,40-70,1,0,0,1,0,1.0,0.0,0.0,1.0,0.0,0
71acbfa52beab04a,1,1,0,0,0,1,116.0,4.0,1.0,0.0,0.0,1.0,1.0,1.0,0.0,0.0,1.0,1.8200586,0.9809125661849976,1.4562025,0.9903663396835327,-0.8421088,0.13799646496772766,-0.51351154,0.9986827373504639,2.1070318,0.9800720810890198,70-120,1,1,1,1,1,1.0,1.0,1.0,1.0,1.0,0
8aaf0ba65884f116,0,0,0,0,0,1,175.0,2.0,1.0,1.0,0.0,0.0,1.0,1.0,1.0,0.0,0.0,0.2852218,0.000263238325715065,1.6279389,0.005980330519378185,0.96979266,0.00017130821652244776,-0.3734955,0.0006238937494345009,-0.12217528,0.001004416262730956,120+,1,0,0,1,1,0.3,0.0,0.0,0.2,0.0,0
c7e69ce227252546,1,1,1,0,1,1,101.0,0.0,1.0,2.0,0.0,2.0,0.0,1.0,1.0,0.0,1.0,-1.252156,0.7462314963340759,1.4237953,0.9978087544441223,1.9318814,0.10725031793117523,-0.53278524,0.992408037185669,3.566605,0.6504117250442505,70-120,1,1,1,1,1,1.0,1.0,0.8,1.0,1.0,0
4d514c0aa2fef60c,1,0,1,0,1,1,32.0,1.0,0.0,0.0,0.0,0.0,1.0,0.0,0.0,0.0,0.0,-0.07681554,0.6722241640090942,-0.6964541,0.9869040250778198,-0.82419884,0.03711690753698349,-0.5065347,0.9910666346549988,-0.4723129,0.9916681051254272,15-40,1,0,1,1,1,1.0,0.0,0.8,0.9,1.0,0
4a696e86ef80080e,1,1,0,0,0,1,136.0,0.0,0.0,0.0,0.0,0.0,0.0,0.0,0.0,0.0,0.0,-0.78430295,0.01621503010392189,-0.14963892,0.9790557622909546,-0.44526365,0.7681684494018555,-0.31911564,0.0026522597763687372,-0.0633482,0.20008838176727295,120+,1,1,0,1,0,0.9,0.8,0.0,0.8,0.0,0
893a40566b250b1c,1,1,0,0,0,1,154.0,1.0,1.0,2.0,0.0,0.0,1.0,1.0,1.0,0.0,0.0,0.47693327,0.03488088771700859,0.09333173,0.955527126789093,2.3195167,0.10212546586990356,-0.29642633,0.9947084188461304,0.16812354,0.017442485317587852,120+,1,1,1,1,0,1.0,1.0,1.0,1.0,0.0,0
80eaf6e80a9757fe,1,0,0,1,0,1,52.0,2.0,0.0,0.0,0.0,0.0,1.0,0.0,0.0,0.0,0.0,0.8210543,0.18111833930015564,-0.7187877,0.9819619655609131,-0.79947275,0.0038920410443097353,-0.50929946,0.9820654988288879,-0.47922942,0.01243164949119091,40-70,1,1,0,1,0,0.9,0.8,0.0,0.8,0.0,0
80d2dc8fa02b035b,1,0,0,0,1,10,45.0,1.0,0.0,0.0,0.0,0.0,1.0,0.0,0.0,0.0,0.0,-0.09200843,0.13609088957309723,-0.6987902,0.13655079901218414,-0.81898254,0.35465651750564575,-0.51136583,0.9317114353179932,-0.48594925,0.5799357891082764,40-70,1,0,0,1,1,0.9,0.0,0.0,0.8,0.9,0
93ad7ccb0813b907,1,0,1,1,0,1,285.0,2.0,0.0,2.0,0.0,1.0,1.0,0.0,1.0,0.0,1.0,-0.015303719,0.0011740821646526456,-0.2577189,0.004485794343054295,2.142038,0.0020269001834094524,-0.39989522,0.001069126185029745,-0.15078148,0.0006166297243908048,120+,1,0,1,1,0,0.6,0.0,0.8,0.5,0.0,0
075df893cac68fae,1,0,1,0,0,1,72.0,3.0,0.0,5.0,0.0,0.0,1.0,0.0,1.0,0.0,0.0,1.220963,0.995132565498352,-0.6930795,0.9873993396759033,3.426791,0.40215733647346497,-0.4666725,0.9884138107299805,-0.513778,0.9927952289581299,70-120,1,0,1,1,1,1.0,0.0,1.0,1.0,1.0,0
c687afab2c9e87da,1,1,0,0,0,1,25.0,0.0,1.0,0.0,0.0,0.0,0.0,1.0,0.0,0.0,0.0,-1.4743569,0.9725193381309509,1.329629,0.9877350926399231,-0.808721,0.012455652467906475,-0.5086357,0.9989055395126343,-0.47612882,0.21617697179317474,15-40,1,1,0,1,0,1.0,1.0,0.0,1.0,0.0,0
dd95d41ef305e027,0,0,0,0,0,1,190.0,2.0,0.0,1.0,1.0,0.0,1.0,0.0,1.0,1.0,0.0,1.0621473,9.49828972807154e-05,-0.027216727,0.0020229530055075884,1.0691903,3.426849070820026e-05,2.139629,5.124166636960581e-05,0.071880415,0.0006374342483468354,120+,1,0,0,1,0,0.2,0.0,0.0,0.2,0.0,0
0ce90b86d79a4227,1,1,0,0,1,1,108.0,2.0,1.0,0.0,0.0,1.0,1.0,1.0,0.0,0.0,1.0,0.8034766,0.4943697452545166,1.4050423,0.9475269317626953,-0.8202631,0.0062050228007137775,-0.49924153,0.7012017965316772,2.055043,0.9864678382873535,70-120,1,1,1,1,1,0.8,0.9,0.7,0.6,1.0,0
50bafa1f7c36006b,1,0,1,0,0,1,43.0,2.0,0.0,0.0,0.0,0.0,1.0,0.0,0.0,0.0,0.0,0.8241605,0.2848246097564697,-0.71395695,0.9229002594947815,-0.82919675,0.04742587357759476,-0.51266634,0.9569571018218994,-0.4840927,0.009727271273732185,40-70,1,0,1,1,0,0.9,0.0,0.8,0.8,0.0,0
ead8b10fec8ba81d,1,0,1,0,0,10,246.0,0.0,0.0,4.0,0.0,0.0,0.0,0.0,1.0,0.0,0.0,-0.8083364,0.919786810874939,-0.068696976,0.6094951033592224,3.0891728,0.9095059633255005,-0.3421262,0.9970247745513916,0.056338906,0.020944207906723022,120+,1,0,1,1,0,0.85,0.0,0.9,0.75,0.0,0
157226c5db056386,1,0,0,1,0,10,77.0,1.0,0.0,0.0,0.0,0.0,1.0,0.0,0.0,0.0,0.0,-0.06622747,0.019889745861291885,-0.68853337,0.9082930088043213,-0.8149239,0.008881676010787487,-0.5050932,0.9872034788131714,-0.48183534,0.0065642488189041615,70-120,1,0,0,1,0,1.0,0.0,0.0,1.0,0.0,0
525a0a66b8dd2738,1,1,0,0,0,1,58.0,4.0,0.0,0.0,0.0,0.0,1.0,0.0,0.0,0.0,0.0,1.8062845,0.8389437794685364,-0.73265207,0.9513686299324036,-0.83396965,0.8433797955513,-0.5263096,0.9919536709785461,-0.50052947,0.0627892017364502,40-70,1,1,0,1,0,1.0,1.0,0.0,1.0,0.0,0
d815fd9581444db2,1,0,0,0,0,1,28.0,2.0,0.0,0.0,0.0,0.0,1.0,0.0,0.0,0.0,0.0,0.7492958,0.9438154697418213,-0.7086637,0.028328314423561096,-0.8099082,0.03577948734164238,-0.5014326,0.48623624444007874,-0.4701193,0.0021281102672219276,15-40,1,0,0,1,0,0.9,0.0,0.0,0.8,0.0,0
8f22b7e630feb493,1,0,1,0,1,1,84.0,2.0,0.0,0.0,0.0,2.0,1.0,0.0,0.0,0.0,1.0,0.82447994,0.8873022794723511,-0.70557976,0.9662516117095947,-0.81661105,0.9043130278587341,-0.5149104,0.9971717000007629,2.0554411,0.9929882287979126,70-120,1,0,1,1,1,1.0,0.0,1.0,1.0,1.0,0
7c041242bef71758,1,0,1,0,1,1,166.0,3.0,0.0,0.0,0.0,1.0,1.0,0.0,0.0,0.0,1.0,1.6692477,0.9929061532020569,0.13756397,0.9544355273246765,-0.2836865,0.7041601538658142,-0.24704422,0.9972797632217407,0.2781065,0.9868913888931274,120+,1,0,1,1,1,1.0,0.0,1.0,1.0,1.0,0
0a08a1cac37b683a,1,1,0,0,0,1,232.0,0.0,0.0,1.0,0.0,0.0,0.0,0.0,1.0,0.0,0.0,-0.7506334,0.2882183790206909,-0.09290599,0.9485372304916382,-0.3704854,0.00286157988011837,-0.31902373,0.9820137619972229,-0.07644515,0.023962022736668587,120+,1,1,1,1,0,0.8,0.9,0.9,0.7,0.0,0
036a64394f8d30a5,1,0,0,0,0,1,87.0,2.0,0.0,0.0,0.0,0.0,1.0,0.0,0.0,0.0,0.0,0.88068694,0.9228307604789734,-0.7329834,0.9252299070358276,-0.8152946,0.9062390327453613,-0.5193148,0.9969484806060791,-0.48331082,0.011441685259342194,70-120,1,0,0,1,0,1.0,0.0,0.0,1.0,0.0,0
631d7503bcbc77ab,1,1,0,1,1,1,83.0,4.0,1.0,0.0,0.0,0.0,1.0,1.0,0.0,0.0,0.0,1.8581903,0.9871911406517029,1.3114634,0.9782811403274536,-0.82289815,0.9208608865737915,-0.5180433,0.999058187007904,-0.48058438,0.9396923780441284,70-120,1,1,1,1,1,1.0,1.0,0.8,1.0,1.0,0
8d779fcd1ff2659f,1,0,1,1,0,1,76.0,1.0,1.0,0.0,0.0,0.0,1.0,1.0,0.0,0.0,0.0,-0.11331683,0.9385759234428406,1.3661941,0.09973295778036118,-0.83836704,0.8106288909912109,-0.5154525,0.9686492085456848,-0.4861612,0.044018641114234924,70-120,1,1,1,1,0,1.0,0.5,1.0,1.0,0.0,0
c19facdbed1b5aad,1,0,1,0,0,1,138.0,6.0,0.0,2.0,0.0,0.0,1.0,0.0,1.0,0.0,0.0,2.5527046,0.145661398768425,-0.28857568,0.9469902515411377,2.1427536,0.036631371825933456,-0.34287503,0.9683811664581299,-0.13641816,0.013222821056842804,120+,1,1,1,1,0,1.0,0.8,0.9,1.0,0.0,0
eb8f8392134d87e6,1,0,0,0,0,10,59.0,1.0,0.0,1.0,1.0,0.0,1.0,0.0,1.0,1.0,0.0,-0.03851918,0.08159290999174118,-0.7297017,0.9738692045211792,0.87425995,0.2751784324645996,1.9682274,0.9725974798202515,-0.5049082,0.002601093612611294,40-70,1,0,0,1,0,1.0,0.0,0.0,1.0,0.0,0
af56ae503ff89db2,1,0,1,0,0,1,75.0,0.0,0.0,0.0,0.0,0.0,0.0,0.0,0.0,0.0,0.0,-1.4041266,0.2727988064289093,-0.6837819,0.628749430179596,-0.8276991,0.788338840007782,-0.5020595,0.9898891448974609,-0.4778559,0.0053225355222821236,70-120,1,0,0,1,0,1.0,0.0,0.0,1.0,0.0,0
69e19e12d114e983,1,0,1,1,1,1,146.0,1.0,0.0,3.0,0.0,0.0,1.0,0.0,1.0,0.0,0.0,0.42459437,0.9744347929954529,0.008335681,0.9903102517127991,2.7505605,0.9227612018585205,-0.2958805,0.9930827617645264,0.08500029,0.9826909303665161,120+,1,1,1,1,1,1.0,0.5,1.0,1.0,1.0,0
0d52a9143305e204,1,0,1,0,0,1,31.0,2.0,0.0,1.0,0.0,0.0,1.0,0.0,1.0,0.0,0.0,0.80479974,0.9565936326980591,-0.70168257,0.9853702187538147,0.78021264,0.07654563337564468,-0.5092312,0.9927391409873962,-0.4899538,0.35259178280830383,15-40,1,0,1,1,0,1.0,0.0,1.0,1.0,0.0,0
f18e70af293c09d8,1,0,1,0,0,10,17.0,1.0,0.0,0.0,0.0,0.0,1.0,0.0,0.0,0.0,0.0,-0.06461636,0.12442562729120255,-0.69235,0.9269014596939087,-0.79847115,0.08130066841840744,-0.48718372,0.9938668012619019,-0.46617338,0.037047166377305984,15-40,1,0,1,1,0,1.0,0.0,1.0,1.0,0.0,0
f78139d0c97df944,1,0,0,0,0,1,227.0,2.0,1.0,4.0,0.0,0.0,1.0,1.0,1.0,0.0,0.0,0.50994086,0.3529820144176483,0.20516174,0.9845457673072815,2.9532976,0.0845683291554451,-0.29015595,0.9941118359565735,0.1826479,0.011823396198451519,120+,1,0,1,1,0,1.0,0.0,0.8,0.9,0.0,0
fae669db48c269d1,1,0,0,0,0,10,41.0,0.0,1.0,2.0,1.0,0.0,0.0,1.0,1.0,1.0,0.0,-1.4636683,0.0007947255508042872,1.4824703,0.011115013621747494,1.8992391,0.008396700024604797,2.2387037,0.0006082618492655456,-0.507412,0.00025464367354288697,40-70,1,0,0,1,0,0.5,0.0,0.0,0.5,0.0,0
7410c7dbcc7c67a5,1,0,0,0,1,1,191.0,6.0,0.0,1.0,0.0,1.0,1.0,0.0,1.0,0.0,1.0,2.3496695,0.9990545511245728,0.143069,0.9979612231254578,1.1949021,0.1504652053117752,-0.25362194,0.9923489689826965,0.42477208,0.9927250742912292,120+,1,1,0,1,1,1.0,0.8,0.0,1.0,1.0,0
27647753b6914f91,1,0,0,1,1,1,72.0,0.0,0.0,1.0,1.0,0.0,0.0,0.0,1.0,1.0,0.0,-1.3462343,0.7408311367034912,-0.7306168,0.8074606657028198,0.83942056,0.012576348148286343,2.1050043,0.9977916479110718,-0.5487805,0.9710193872451782,70-120,1,0,0,1,1,1.0,0.0,0.0,1.0,1.0,0
cf2dff01dbd83722,1,0,1,1,1,1,129.0,6.0,0.0,1.0,0.0,2.0,1.0,0.0,1.0,0.0,1.0,2.2036703,0.9952355027198792,-0.6903773,0.882123589515686,0.80325,0.992974579334259,-0.45459196,0.9965704083442688,3.6727376,0.8994309306144714,120+,1,1,1,1,1,1.0,0.8,0.9,1.0,1.0,0
610f0aa1d683cc55,1,1,0,0,0,1,393.0,6.0,0.0,1.0,1.0,1.0,1.0,0.0,1.0,1.0,1.0,2.3321195,0.9901401400566101,0.10357204,0.8828325271606445,-0.38231802,0.004972596187144518,-0.21937694,0.9926256537437439,0.19726461,0.006784357596188784,120+,1,0,0,1,0,1.0,0.0,0.0,1.0,0.0,0
16146890efc6974d,1,1,1,1,1,1,84.0,1.0,0.0,1.0,0.0,0.0,1.0,0.0,1.0,0.0,0.0,-0.09420355,0.953057050704956,-0.68888146,0.9836441874504089,0.84656554,0.1945207715034485,-0.5048208,0.9502265453338623,-0.47801068,0.44441404938697815,70-120,1,0,1,1,0,1.0,0.0,0.8,1.0,0.0,0
beb86923741eb185,1,0,1,1,1,1,75.0,3.0,1.0,1.0,1.0,1.0,1.0,1.0,1.0,1.0,1.0,1.3318026,0.9878644943237305,1.4011415,0.48555445671081543,0.87183297,0.985827624797821,2.058342,0.9970479011535645,2.0596805,0.9950945973396301,70-120,1,1,1,1,1,1.0,0.8,0.9,1.0,1.0,0
8fb1b7b7087d0795,1,0,1,0,0,10,20.0,1.0,0.0,1.0,0.0,0.0,1.0,0.0,1.0,0.0,0.0,-0.08209812,0.0693524181842804,-0.68513674,0.45928072929382324,0.7680655,0.09293445199728012,-0.4966342,0.9799956679344177,-0.49403203,0.013506099581718445,15-40,1,0,1,1,0,1.0,0.0,1.0,1.0,0.0,0
01834b57ea3e7677,1,0,1,0,0,1,19.0,1.0,0.0,1.0,0.0,0.0,1.0,0.0,1.0,0.0,0.0,-0.10278437,0.9354055523872375,-0.67232096,0.9703524708747864,0.8465816,0.041695769876241684,-0.5205812,0.9770225882530212,-0.48985115,0.03886548429727554,15-40,1,0,1,1,0,1.0,0.0,1.0,1.0,0.0,0
69b7b68ee94e61b4,1,1,0,0,0,1,125.0,1.0,0.0,1.0,0.0,0.0,1.0,0.0,1.0,0.0,0.0,-0.103448234,0.007260866928845644,-0.67659456,0.024283871054649353,0.78376716,0.007755537051707506,-0.52554864,0.0014325367519631982,-0.48366234,0.0027737831696867943,120+,1,1,0,1,1,0.8,0.9,0.0,0.7,0.9,0
947a0f839c2880fc,1,0,0,0,1,10,68.0,0.0,0.0,0.0,0.0,0.0,0.0,0.0,0.0,0.0,0.0,-1.4411535,0.15578356385231018,-0.6798236,0.9453489184379578,-0.82568085,0.3505880832672119,-0.5050509,0.9854824542999268,-0.48161402,0.9967648983001709,40-70,1,0,0,1,1,0.9,0.0,0.0,0.8,1.0,0
9bdcba3d101287e4,1,0,1,0,0,1,19.0,1.0,0.0,1.0,0.0,0.0,1.0,0.0,1.0,0.0,0.0,-0.07975035,0.056913942098617554,-0.66414994,0.9140608906745911,0.80028677,0.28397995233535767,-0.4871479,0.9182605743408203,-0.48108867,0.01894170604646206,15-40,1,0,1,1,0,1.0,0.0,1.0,1.0,0.0,0
f5325f6d7943bfa8,1,1,0,0,0,1,41.0,4.0,1.0,0.0,0.0,0.0,1.0,1.0,0.0,0.0,0.0,1.8060927,0.8597226142883301,1.3715142,0.9972530603408813,-0.807924,0.027637721970677376,-0.4964358,0.9913725256919861,-0.50601345,0.07250525057315826,40-70,1,1,0,1,0,1.0,1.0,0.0,1.0,0.0,0
2623ec5fa72e48c6,1,0,1,1,0,1,22.0,0.0,0.0,1.0,1.0,0.0,0.0,0.0,1.0,1.0,0.0,-1.4390851,0.6295468807220459,-0.72929674,0.933854341506958,0.72061634,0.6783801913261414,2.0905073,0.9962125420570374,-0.51640165,0.013506101444363594,15-40,1,0,1,1,0,1.0,0.0,1.0,1.0,0.0,0
406556e6ff5e40db,1,1,0,0,0,1,89.0,3.0,1.0,2.0,0.0,0.0,1.0,1.0,1.0,0.0,0.0,1.3208276,0.4899419844150543,1.2466997,0.9910492897033691,1.975907,0.016947422176599503,-0.5091624,0.8905324339866638,-0.53309375,0.07483763247728348,70-120,1,1,0,1,0,1.0,1.0,0.0,1.0,0.0,0
ebe57db2e3b35171,1,1,0,1,0,1,81.0,0.0,1.0,0.0,2.0,0.0,0.0,1.0,0.0,1.0,0.0,-1.2971221,0.18624302744865417,1.2878749,0.011755131185054779,-0.8197158,0.0005658799782395363,3.5748405,0.9662516117095947,-0.47209972,0.001218416029587388,70-120,1,0,0,1,0,0.8,0.0,0.0,0.9,0.0,0
77064e4364aef2d2,1,1,1,1,0,1,122.0,1.0,1.0,0.0,0.0,0.0,1.0,1.0,0.0,0.0,0.0,-0.113402404,0.9989412426948547,1.3811121,0.9920926690101624,-0.8082939,0.05759919807314873,-0.50920194,0.9984360337257385,-0.4753425,0.38966265320777893,120+,1,1,1,1,0,1.0,1.0,1.0,1.0,0.0,0
64d2714bf0620dbe,1,1,1,0,0,1,71.0,0.0,1.0,3.0,0.0,0.0,0.0,1.0,1.0,0.0,0.0,-1.3958011,0.43749305605888367,1.4024713,0.48805657029151917,2.666881,0.8854334950447083,-0.4895119,0.9976449608802795,-0.49613664,0.03701234608888626,70-120,1,1,1,1,0,1.0,1.0,1.0,1.0,0.0,0
5483443fb5f52aba,1,0,0,0,0,1,28.0,1.0,0.0,0.0,0.0,0.0,1.0,0.0,0.0,0.0,0.0,-0.07812455,0.32071495056152344,-0.6944787,0.9595351219177246,-0.8233708,0.0023596605751663446,-0.49722308,0.9001354575157166,-0.47462246,0.007831049151718616,15-40,1,0,0,0,0,0.9,0.0,0.0,0.0,0.0,0
0929f1f77490c090,1,0,0,0,1,1,56.0,3.0,0.0,0.0,0.0,1.0,1.0,0.0,0.0,0.0,1.0,1.4532822,0.9962565302848816,-0.7302654,0.14823205769062042,-0.8475548,0.01379536371678114,-0.50850177,0.9837538003921509,2.019289,0.9678689241409302,40-70,1,0,0,1,1,1.0,0.0,0.0,1.0,1.0,0
6dcc836a72fc3057,1,1,1,0,0,1,72.0,1.0,1.0,0.0,1.0,0.0,1.0,1.0,0.0,1.0,0.0,-0.10757533,0.16579562425613403,1.3005531,0.9958499073982239,-0.7558822,0.06620602309703827,2.0397341,0.9414392113685608,-0.48719177,0.15386678278446198,70-120,1,1,1,1,0,1.0,1.0,0.8,1.0,0.0,0
6e1eea5cc6c1271b,1,0,1,0,1,10,214.0,1.0,0.0,0.0,0.0,1.0,1.0,0.0,0.0,0.0,1.0,0.4350601,0.9982624650001526,-0.012497182,0.955026388168335,-0.38973063,0.6664968132972717,-0.2581812,0.997908890247345,0.116703115,0.7317780256271362,120+,1,0,0,1,1,1.0,0.0,0.0,1.0,1.0,0
9f40ed971b70aff0,1,1,1,1,1,10,67.0,0.0,1.0,0.0,1.0,1.0,0.0,1.0,0.0,1.0,1.0,-1.2537537,0.8807457685470581,1.4939907,0.9963712096214294,-0.839917,0.2733803689479828,2.173426,0.988949179649353,2.030916,0.9891501069068909,40-70,1,1,0,1,1,1.0,1.0,0.0,1.0,1.0,0
e9bfa98c5f2095c9,1,0,0,0,0,1,31.0,3.0,0.0,0.0,0.0,0.0,1.0,0.0,0.0,0.0,0.0,1.4271624,0.3127897083759308,-0.7392545,0.5644436478614807,-0.8259159,0.0478690080344677,-0.5056798,0.9797258973121643,-0.4965759,0.004272936377674341,15-40,1,0,0,1,0,1.0,0.0,0.0,1.0,0.0,0
284db35bd4329940,1,1,0,1,0,1,96.0,2.0,1.0,1.0,1.0,0.0,1.0,1.0,1.0,1.0,0.0,0.86572134,0.9435039162635803,1.4458897,0.9685006141662598,0.80774665,0.04157886654138565,2.0035093,0.9992931485176086,-0.51871055,0.018440209329128265,70-120,1,1,1,1,0,1.0,0.8,0.9,1.0,0.0,0
eb9b86479464a110,1,0,0,1,0,1,87.0,0.0,0.0,0.0,1.0,0.0,0.0,0.0,0.0,1.0,0.0,-1.3610685,0.9509148001670837,-0.68358076,0.9944126605987549,-0.8088037,0.0364251546561718,2.0986495,0.9556100368499756,-0.51833165,0.043406326323747635,70-120,1,1,0,1,0,1.0,0.5,0.0,1.0,0.0,0
1997a350becaff52,1,0,0,1,0,1,22.0,0.0,0.0,1.0,0.0,0.0,0.0,0.0,1.0,0.0,0.0,-1.4217794,0.980765700340271,-0.713612,0.6972482800483704,0.73830223,0.9020932912826538,-0.48936,0.9855521321296692,-0.48246163,0.013636835850775242,15-40,1,0,0,1,0,1.0,0.0,0.0,1.0,0.0,0
44a6199c6fb8f6ea,1,1,0,0,0,1,26.0,1.0,0.0,0.0,1.0,0.0,1.0,0.0,0.0,1.0,0.0,-0.13740176,0.8474003672599792,-0.71316004,0.9318356513977051,-0.8224445,0.00620502233505249,2.0149462,0.9967523217201233,-0.48435763,0.030386747792363167,15-40,1,0,0,1,0,1.0,0.0,0.0,1.0,0.0,0
2b51ec0af4a944c4,1,0,1,0,1,10,126.0,5.0,0.0,1.0,0.0,0.0,1.0,0.0,1.0,0.0,0.0,2.1586254,0.9985786080360413,-0.7165237,0.9906418919563293,0.7772461,0.9899086952209473,-0.523488,0.9937949776649475,-0.49855667,0.902265727519989,120+,1,0,1,1,1,1.0,0.0,0.8,1.0,1.0,0
d2f0345cc5031445,1,0,0,1,1,1,44.0,4.0,0.0,1.0,0.0,0.0,1.0,0.0,1.0,0.0,0.0,1.8233258,0.9927812218666077,-0.7520474,0.9978594183921814,0.7960923,0.9901019334793091,-0.5053547,0.9919691681861877,-0.5348491,0.995727002620697,40-70,1,1,1,1,0,1.0,0.8,0.9,1.0,0.0,0
bb1907f7877a23aa,1,0,1,0,0,1,93.0,0.0,0.0,0.0,0.0,0.0,0.0,0.0,0.0,0.0,0.0,-1.4283018,0.0027362213004380465,-0.66371375,0.003317971481010318,-0.82669836,0.6342601776123047,-0.510304,0.8056321740150452,-0.4810286,0.0016072202706709504,70-120,1,0,1,1,0,0.85,0.0,0.9,0.8,0.0,0
a14753f2981f0a64,1,0,0,0,0,10,79.0,2.0,0.0,0.0,0.0,0.0,1.0,0.0,0.0,0.0,0.0,0.77901554,0.9755768775939941,-0.70882636,0.6513548493385315,-0.82106936,0.8940979242324829,-0.5090385,0.9957683682441711,-0.4815924,0.027066176757216454,70-120,1,0,0,1,0,1.0,0.0,0.0,1.0,0.0,0
9f9dd71f78741fd0,1,0,1,0,0,1,58.0,1.0,0.0,1.0,0.0,0.0,1.0,0.0,1.0,0.0,0.0,-0.09775899,0.13770632445812225,-0.6820314,0.1625129133462906,0.8905485,0.05722925812005997,-0.5215422,0.9835179448127747,-0.4802546,0.01863565482199192,40-70,1,0,1,1,0,0.9,0.0,0.8,0.8,0.0,0
bbec17190023093d,1,0,1,0,0,1,61.0,3.0,0.0,0.0,0.0,0.0,1.0,0.0,0.0,0.0,0.0,1.404101,0.41475069522857666,-0.7469483,0.056392036378383636,-0.82505906,0.2954331636428833,-0.52738094,0.9860308766365051,-0.48933494,0.003678509034216404,40-70,1,0,0,1,0,1.0,0.0,0.0,1.0,0.0,0
540c3e98424b22a8,1,0,0,0,0,1,31.0,2.0,0.0,0.0,0.0,0.0,1.0,0.0,0.0,0.0,0.0,0.8113718,0.9945730566978455,-0.7239639,0.2740112841129303,-0.8102681,0.6377925872802734,-0.50094163,0.9785492420196533,-0.48543516,0.01750955730676651,15-40,1,0,0,1,0,0.8,0.0,0.0,0.7,0.0,0
9209054ac5fd2ebc,1,0,0,0,1,1,43.0,0.0,0.0,1.0,0.0,1.0,0.0,0.0,1.0,0.0,1.0,-1.4276046,0.9563089609146118,-0.7014568,0.982473611831665,0.82797843,0.017627546563744545,-0.526668,0.9847816824913025,2.0409894,0.9967649579048157,40-70,1,0,1,1,1,0.9,0.0,0.8,0.9,1.0,0
7c8761f86c052321,1,0,0,0,1,1,16.0,1.0,0.0,0.0,0.0,0.0,1.0,0.0,0.0,0.0,0.0,-0.05221974,0.5935503840446472,-0.7061847,0.9818230867385864,-0.80585515,0.017712296918034554,-0.49404046,0.9024807810783386,-0.4748539,0.9399133324623108,15-40,1,0,0,1,1,1.0,0.0,0.0,1.0,1.0,0
5159b0feccd45775,1,1,0,0,1,1,76.0,4.0,1.0,0.0,0.0,1.0,1.0,1.0,0.0,0.0,1.0,1.8647037,0.7529674768447876,1.4033325,0.9992861747741699,-0.82106316,0.009449081495404243,-0.49592733,0.8899120688438416,2.0721874,0.9637799859046936,70-120,1,1,0,1,1,1.0,1.0,0.0,1.0,1.0,0
a5dfe25af9c62ea6,1,0,0,1,1,10,133.0,3.0,0.0,1.0,0.0,1.0,1.0,0.0,1.0,0.0,1.0,1.3123752,0.967625081539154,-0.6971726,0.9637799859046936,0.849274,0.022457053884863853,-0.53278077,0.9669452905654907,2.013547,0.9932419061660767,120+,1,0,0,1,1,1.0,0.0,0.0,1.0,1.0,0
dca6a6e0065962e2,1,0,1,0,0,1,39.0,1.0,0.0,0.0,0.0,0.0,1.0,0.0,0.0,0.0,0.0,-0.09982834,0.03561141714453697,-0.6750888,0.06483089178800583,-0.8228491,0.5127916932106018,-0.5029149,0.7878496646881104,-0.47611368,0.0017375925090163946,15-40,1,0,1,1,0,1.0,0.0,1.0,1.0,0.0,0
d9991bb18a854344,1,0,0,0,0,1,111.0,5.0,0.0,2.0,0.0,0.0,1.0,0.0,1.0,0.0,0.0,2.1279817,0.9475268721580505,-0.69168293,0.986661970615387,2.094134,0.10275400429964066,-0.4837306,0.9922444820404053,-0.517736,0.18264411389827728,70-120,1,0,0,1,0,0.9,0.0,0.0,0.8,0.0,0
d8547a6b5fd3d3fb,1,0,0,0,0,1,46.0,3.0,0.0,0.0,0.0,0.0,1.0,0.0,0.0,0.0,0.0,1.3606989,0.9957270622253418,-0.73255247,0.8592508435249329,-0.83322674,0.00976497307419777,-0.51823694,0.9919847249984741,-0.49796885,0.01788300834596157,40-70,1,0,0,1,0,1.0,0.0,0.0,1.0,0.0,0
7e40009df820bd05,1,0,0,0,0,1,93.0,1.0,1.0,1.0,0.0,0.0,1.0,1.0,1.0,0.0,0.0,-0.12097324,0.24689632654190063,1.367694,0.010986942797899246,0.7852206,0.00027694733580574393,-0.50913906,0.0064007299952209,-0.49564952,0.0012594986474141479,70-120,1,1,0,1,0,0.5,0.5,0.0,0.4,0.0,0
dc45751a432e538f,1,0,1,0,0,1,43.0,1.0,0.0,2.0,0.0,1.0,1.0,0.0,1.0,0.0,1.0,-0.05621454,0.12770700454711914,-0.6930818,0.9221324920654297,2.1299965,0.8836883902549744,-0.53686345,0.9960851669311523,2.054493,0.8577085733413696,40-70,1,1,1,1,1,0.9,0.8,0.9,0.8,0.7,0
ca42e577de6ad444,1,0,1,1,0,1,56.0,2.0,0.0,1.0,1.0,0.0,1.0,0.0,1.0,1.0,0.0,0.77622443,0.9719924926757812,-0.7137099,0.056809201836586,1.0405008,0.9925825595855713,2.310862,0.9950466752052307,-0.5501895,0.04564946889877319,40-70,1,0,1,1,0,1.0,0.0,1.0,1.0,0.0,0
69fb6503eb33da35,1,0,0,0,1,1,15.0,1.0,0.0,0.0,0.0,0.0,1.0,0.0,0.0,0.0,0.0,-0.07366955,0.9509148001670837,-0.6978596,0.9631265997886658,-0.80799687,0.7906111478805542,-0.4920726,0.9967649579048157,-0.47754657,0.9992114305496216,15-40,1,0,1,0,1,0.9,0.0,0.9,0.0,1.0,0
3f605ad4238e6b69,1,1,0,0,0,1,87.0,5.0,0.0,0.0,0.0,0.0,1.0,0.0,0.0,0.0,0.0,2.111675,0.9602121710777283,-0.71176165,0.4555164873600006,-0.8191919,0.010228809900581837,-0.5076435,0.9905874133110046,-0.48337722,0.009394397027790546,70-120,1,0,0,1,0,1.0,0.0,0.0,1.0,0.0,0
b999b322a45fe22f,1,0,1,0,1,1,29.0,1.0,0.0,1.0,0.0,0.0,1.0,0.0,1.0,0.0,0.0,-0.10334325,0.7141298651695251,-0.6911501,0.8398653864860535,0.76634324,0.9095059037208557,-0.50368434,0.9915707111358643,-0.48888785,0.9891710877418518,15-40,1,0,1,0,1,1.0,0.0,1.0,0.0,1.0,0
72345b764fb7f8a8,1,0,1,0,1,1,74.0,1.0,1.0,0.0,0.0,1.0,1.0,1.0,0.0,0.0,1.0,0.005521744,0.8889517784118652,1.3179961,0.9761064052581787,-0.80336136,0.002318639773875475,-0.49553162,0.9917961955070496,2.12851,0.9981791973114014,70-120,1,0,0,1,1,1.0,0.0,0.0,1.0,1.0,0
01e9640a592e7d2c,1,0,0,0,1,1,38.0,1.0,0.0,0.0,0.0,1.0,1.0,0.0,0.0,0.0,1.0,-0.0042141345,0.9909271597862244,-0.72093326,0.9771973490715027,-0.81802714,0.799911618232727,-0.49554938,0.9965636730194092,2.0538132,0.9943690299987793,15-40,1,0,0,1,1,1.0,0.0,0.0,1.0,1.0,0
16b573dccec2a201,1,0,1,0,0,1,39.0,4.0,0.0,1.0,0.0,0.0,1.0,0.0,1.0,0.0,0.0,1.8291777,0.9775429964065552,-0.7551122,0.9914224743843079,0.831987,0.7910957336425781,-0.5211668,0.9976949095726013,-0.5330396,0.5301148891448975,15-40,1,0,1,1,0,1.0,0.0,1.0,1.0,0.0,0
574114e12a677b14,1,0,0,0,1,1,71.0,1.0,0.0,1.0,0.0,1.0,1.0,0.0,1.0,0.0,1.0,-0.016596131,0.9896917939186096,-0.69290227,0.9915051460266113,0.8069395,0.41119951009750366,-0.5015828,0.9978719353675842,2.0227349,0.9927952289581299,70-120,1,0,1,1,1,1.0,0.0,1.0,1.0,1.0,0
a5ca257262dc1953,1,0,1,1,0,1,99.0,2.0,0.0,1.0,0.0,1.0,1.0,0.0,1.0,0.0,1.0,0.8086681,0.9736196398735046,-0.6859328,0.8652241230010986,0.8419306,0.011938037350773811,-0.54225326,0.9988664388656616,2.0412889,0.9741411805152893,70-120,1,0,1,1,1,1.0,0.0,1.0,1.0,1.0,0
eb5997a513a3d01f,1,1,1,0,0,1,195.0,2.0,1.0,1.0,0.0,0.0,1.0,1.0,1.0,0.0,0.0,0.4752291,0.9653811454772949,0.044472724,0.9635405540466309,-0.32839844,0.9624267220497131,-0.22580972,0.9909971356391907,0.18704495,0.1174202561378479,120+,1,1,1,1,0,1.0,1.0,1.0,1.0,0.0,0
bc02d31ed880fa01,1,0,1,0,0,1,58.0,2.0,0.0,4.0,0.0,0.0,1.0,0.0,1.0,0.0,0.0,0.7022172,0.9592688679695129,-0.6484475,0.11945948749780655,3.0665655,0.8229730129241943,-0.519638,0.9921689033508301,-0.5292457,0.008299687877297401,40-70,1,0,1,1,0,0.9,0.0,0.8,0.8,0.0,0
8e6cdf2d2569a510,1,1,0,0,1,1,60.0,1.0,1.0,0.0,0.0,0.0,1.0,1.0,0.0,0.0,0.0,-0.098200746,0.9737945795059204,1.3603374,0.9945625066757202,-0.8152442,0.9210031032562256,-0.52329195,0.997285008430481,-0.48468882,0.03384403884410858,40-70,1,1,1,1,0,0.9,0.8,0.8,0.9,0.0,0
b624f4ff10243771,1,0,1,0,0,1,120.0,3.0,0.0,2.0,1.0,0.0,1.0,0.0,1.0,1.0,0.0,1.3542979,0.892328143119812,-0.67979693,0.9480103254318237,1.9849974,0.991066575050354,1.9869269,0.9976993799209595,-0.5280938,0.053601138293743134,120+,1,0,1,1,0,1.0,0.0,1.0,1.0,0.0,0
11b1952a55369329,1,0,0,1,1,1,127.0,2.0,1.0,0.0,1.0,2.0,1.0,1.0,0.0,1.0,1.0,1.0075432,0.9913223385810852,1.2999821,0.9971826672554016,-0.7777506,0.033242546021938324,2.0439672,0.9916033148765564,3.938688,0.9887554049491882,120+,1,0,0,1,1,1.0,0.0,0.0,1.0,1.0,0
b4019d5acb466522,1,0,1,0,1,10,138.0,2.0,0.0,1.0,1.0,0.0,1.0,0.0,1.0,1.0,0.0,1.103927,0.990532636642456,-0.023578119,0.9682314395904541,1.0309747,0.44739994406700134,2.138768,0.9951890110969543,0.070268236,0.9499022364616394,120+,1,1,1,1,1,1.0,0.5,1.0,1.0,1.0,0
c0c1bef541647e61,1,0,1,0,0,1,229.0,2.0,0.0,3.0,1.0,0.0,1.0,0.0,1.0,1.0,0.0,-0.83279854,0.0019267346942797303,0.36523485,0.012383783236145973,2.173829,5.084292570245452e-05,-0.3632283,0.0005770345451310277,0.016742166,0.002256239764392376,120+,1,1,1,1,0,0.3,0.5,0.8,0.2,0.0,0
112db47a929309a6,1,0,0,0,0,1,19.0,1.0,0.0,0.0,0.0,0.0,1.0,0.0,0.0,0.0,0.0,-0.048019625,0.04773566499352455,-0.6897943,0.2402394562959671,-0.8074382,0.0007962780073285103,-0.4829605,0.04373188689351082,-0.4745847,0.0012545943027362227,15-40,1,0,0,0,0,0.6,0.0,0.0,0.0,0.0,0
a21687854ada7fcd,1,1,1,0,1,10,88.0,3.0,1.0,2.0,1.0,1.0,1.0,1.0,1.0,1.0,1.0,1.5196649,0.9475754499435425,1.4928589,0.992753267288208,2.1408684,0.021948255598545074,2.0477328,0.99703049659729,1.978262,0.9741411805152893,70-120,1,1,1,1,1,1.0,1.0,1.0,1.0,1.0,0
c95ca5784779f40a,1,0,0,1,0,1,49.0,4.0,0.0,0.0,0.0,0.0,1.0,0.0,0.0,0.0,0.0,1.8557537,0.9884807467460632,-0.7487755,0.8936811089515686,-0.83278215,0.793105959892273,-0.5063605,0.9994297027587891,-0.5104909,0.18498826026916504,40-70,1,0,0,1,0,1.0,0.0,0.0,1.0,0.0,0
af5c95434b6ec1ce,1,0,0,0,0,1,47.0,1.0,0.0,0.0,0.0,0.0,1.0,0.0,0.0,0.0,0.0,-0.12743123,0.08093671500682831,-0.67816824,0.5361611247062683,-0.80329764,0.012241273187100887,-0.50305575,0.7184461951255798,-0.47455043,0.00677120964974165,40-70,1,0,0,1,0,0.7,0.0,0.0,0.4,0.0,0
12509e3309b20963,1,0,0,1,0,1,28.0,0.0,0.0,0.0,0.0,0.0,0.0,0.0,0.0,0.0,0.0,-1.4293033,0.8938202261924744,-0.7072616,0.20922723412513733,-0.82520455,0.031321119517087936,-0.49028578,0.9852003455162048,-0.47028327,0.01411789283156395,15-40,1,0,0,1,0,1.0,0.0,0.0,1.0,0.0,0
fd1d8d262aad71a0,1,0,0,0,0,1,94.0,0.0,1.0,0.0,1.0,0.0,0.0,1.0,0.0,1.0,0.0,-1.4181381,0.009974920190870762,1.3685039,0.5811248421669006,-0.8317511,0.00898542907088995,1.963835,0.027066180482506752,-0.503751,0.0009603367652744055,70-120,1,1,1,1,0,0.8,0.5,0.6,0.7,0.0,0
4ddf1b58e47f50b7,1,0,1,0,0,1,39.0,3.0,0.0,1.0,0.0,0.0,1.0,0.0,1.0,0.0,0.0,1.4200792,0.6641047596931458,-0.7374468,0.9873872399330139,0.8686677,0.9405171871185303,-0.5036329,0.9802430868148804,-0.5062231,0.01638728566467762,15-40,1,0,1,1,0,0.9,0.0,0.8,0.8,0.0,0
aba3732d020df14a,1,0,1,0,0,1,154.0,2.0,0.0,1.0,0.0,0.0,1.0,0.0,1.0,0.0,0.0,0.9833067,0.9071478247642517,-0.10003607,0.9822196364402771,1.2446408,0.02013874240219593,-0.30777407,0.9948504567146301,-0.031520862,0.021206121891736984,120+,1,1,1,1,0,0.9,0.8,0.9,0.8,0.0,0
fb243cccb0f5b94e,1,0,1,1,1,1,116.0,1.0,0.0,2.0,0.0,0.0,1.0,0.0,1.0,0.0,0.0,-0.06225051,0.21601156890392303,-0.6616935,0.6480488181114197,1.8990752,0.021267015486955643,-0.5126721,0.9973580241203308,-0.4583931,0.09276994317770004,70-120,1,0,1,1,0,1.0,0.0,1.0,1.0,0.0,0
89259700a8431f59,1,0,0,0,1,10,80.0,1.0,0.0,0.0,0.0,1.0,1.0,0.0,0.0,0.0,1.0,-0.08388339,0.9461506605148315,-0.7065417,0.9660280346870422,-0.8122644,0.31389278173446655,-0.52141505,0.9934230446815491,2.0126483,0.9893372058868408,70-120,1,0,0,1,1,0.9,0.0,0.0,0.8,1.0,0
804d5cfaa72e48cc,1,0,0,0,1,1,93.0,5.0,0.0,1.0,0.0,1.0,1.0,0.0,1.0,0.0,1.0,2.2212353,0.8906276226043701,-0.7168638,0.9773058891296387,0.7935642,0.011597361415624619,-0.52091646,0.8902465105056763,2.0370312,0.9922595024108887,70-120,1,0,0,1,1,1.0,0.0,0.0,1.0,1.0,0
0e72af0aacecd747,1,1,0,0,0,10,36.0,0.0,0.0,0.0,0.0,0.0,0.0,0.0,0.0,0.0,0.0,-1.37127,0.8101035356521606,-0.69569296,0.9554024338722229,-0.8265651,0.0247509703040123,-0.49412236,0.773644208908081,-0.4767456,0.0019494020380079746,15-40,1,1,0,0,0,1.0,0.5,0.0,0.0,0.0,0
d37aeb384e0e6645,1,0,0,0,0,10,354.0,5.0,0.0,2.0,1.0,1.0,1.0,0.0,1.0,1.0,1.0,1.0391934,0.8901987671852112,-0.16466238,0.9958418011665344,1.0407137,0.024283867329359055,-0.28652674,0.9869920611381531,-0.05754742,0.007665874902158976,120+,1,0,0,1,0,1.0,0.0,0.0,1.0,0.0,0
a4441bda6d7db968,1,0,0,0,0,1,45.0,3.0,0.0,0.0,0.0,0.0,1.0,0.0,0.0,0.0,0.0,1.3502109,0.9291837811470032,-0.74827814,0.9539231657981873,-0.8150153,0.0497734472155571,-0.5071119,0.9111006259918213,-0.49657124,0.510749101638794,40-70,1,0,1,1,0,0.9,0.0,0.8,0.8,0.0,0
61717df242dbef8a,1,0,1,1,0,1,29.0,1.0,0.0,0.0,0.0,0.0,1.0,0.0,0.0,0.0,0.0,-0.025804013,0.9936240315437317,-0.68424386,0.9950945973396301,-0.8032489,0.009358114562928677,-0.49968052,0.9951890110969543,-0.4737964,0.8503444194793701,15-40,1,0,0,1,0,1.0,0.0,0.0,1.0,0.0,0
5b525dd7ecbebe7f,1,1,1,0,0,1,67.0,1.0,1.0,1.0,0.0,0.0,1.0,1.0,1.0,0.0,0.0,-0.115195185,0.6135839223861694,1.33935,0.9976125955581665,0.76322824,0.1852092295885086,-0.50205475,0.9947083592414856,-0.4952739,0.6047782897949219,40-70,1,1,1,1,0,1.0,1.0,1.0,1.0,0.0,0
5aad713b75ebb9c0,1,0,1,1,0,1,126.0,3.0,0.0,1.0,0.0,0.0,1.0,0.0,1.0,0.0,0.0,1.6896298,0.9819273352622986,-0.70613265,0.9782811403274536,0.8132007,0.05691395327448845,-0.52425927,0.9987816214561462,-0.48029056,0.028140751644968987,120+,1,0,1,1,0,1.0,0.0,1.0,1.0,0.0,0
7d36851bffd630df,1,0,1,0,1,1,28.0,1.0,0.0,0.0,0.0,0.0,1.0,0.0,0.0,0.0,0.0,0.2567774,0.9767137169837952,-0.668335,0.961713969707489,-0.8304905,0.08028532564640045,-0.49736854,0.9899864196777344,-0.45885184,0.998221218585968,15-40,1,0,0,1,1,1.0,0.0,0.0,1.0,1.0,0
c4876a0e1c172484,1,0,0,0,1,1,100.0,3.0,0.0,0.0,1.0,1.0,1.0,0.0,0.0,1.0,1.0,1.441631,0.9842002391815186,-0.72516465,0.9684409499168396,-0.8618644,0.05975658819079399,2.0174732,0.9817357659339905,2.062026,0.9913557767868042,70-120,1,1,0,1,1,1.0,0.5,0.0,1.0,1.0,0
1d7cfa57fde5b16e,0,0,0,0,0,1,17.0,0.0,0.0,0.0,0.0,0.0,0.0,0.0,0.0,0.0,0.0,-1.4165365,0.18366682529449463,-0.690683,0.5008086562156677,-0.8036227,0.5244213342666626,-0.49613836,0.9702116847038269,-0.47831583,0.00570803415030241,15-40,1,0,1,1,0,1.0,0.0,0.8,1.0,0.0,0
a8cfca8da746fad9,1,1,1,0,0,1,227.0,1.0,0.0,1.0,0.0,1.0,1.0,0.0,1.0,0.0,1.0,0.056592956,0.8433798551559448,-0.6446584,0.9929609894752502,-0.76244664,0.7746259570121765,-0.47715187,0.9779045581817627,2.1409857,0.9478657245635986,120+,1,1,1,1,1,0.9,0.8,0.8,0.9,0.9,0
4355e850f8148baf,1,0,0,0,0,1,23.0,0.0,0.0,0.0,0.0,0.0,0.0,0.0,0.0,0.0,0.0,-1.3999432,0.767646312713623,-0.7018719,0.942770779132843,-0.82286245,0.03041553869843483,-0.4977156,0.5326036810874939,-0.47114995,0.00655152415856719,15-40,1,0,0,0,0,0.9,0.0,0.0,0.0,0.0,0
1ff1a8f4ebbf47ba,1,0,0,1,1,1,37.0,1.0,0.0,0.0,0.0,1.0,1.0,0.0,0.0,0.0,1.0,-0.08457993,0.9970189332962036,-0.734337,0.9807472825050354,-0.82603925,0.08733005821704865,-0.5137913,0.998475193977356,2.023649,0.9953634142875671,15-40,1,0,0,1,1,1.0,0.0,0.0,1.0,1.0,0
845d294de551e8ea,1,1,1,0,0,1,17.0,1.0,0.0,1.0,0.0,0.0,1.0,0.0,1.0,0.0,0.0,0.22293097,0.9939261078834534,-0.68790776,0.9657384157180786,0.76933736,0.82439124584198,-0.5004841,0.9959613680839539,-0.47124785,0.19155442714691162,15-40,1,0,0,1,0,1.0,0.0,0.0,1.0,0.0,0
055d0a3c69f69cc0,1,0,0,0,0,1,31.0,1.0,0.0,0.0,0.0,0.0,1.0,0.0,0.0,0.0,0.0,-0.08298835,0.2958398759365082,-0.69152445,0.9405171871185303,-0.80614454,0.01686626672744751,-0.49291605,0.8830848336219788,-0.46892732,0.022629201412200928,15-40,1,0,0,1,0,1.0,0.0,0.0,1.0,0.0,0
87e88842b25186d2,1,1,1,1,0,1,88.0,4.0,0.0,0.0,0.0,0.0,1.0,0.0,0.0,0.0,0.0,1.6455282,0.9364014267921448,-0.72366905,0.9853843450546265,-0.8316094,0.222362220287323,-0.5215421,0.7334040999412537,-0.49575093,0.9097467660903931,70-120,1,1,0,1,1,1.0,1.0,0.0,1.0,1.0,0
509250d06f10a205,1,0,0,0,0,1,116.0,2.0,0.0,0.0,0.0,0.0,1.0,0.0,0.0,0.0,0.0,0.7511369,0.9468430280685425,-0.7213863,0.9890236258506775,-0.8037517,0.060363009572029114,-0.5114742,0.9410069584846497,-0.4799661,0.01621503196656704,70-120,1,0,1,1,0,1.0,0.0,0.8,1.0,0.0,0
ef8c0ecf1d96ae4f,1,0,0,0,1,1,43.0,0.0,0.0,0.0,1.0,0.0,0.0,0.0,0.0,1.0,0.0,-1.421371,0.9848692417144775,-0.6893795,0.904944896697998,-0.8597159,0.019382189959287643,1.9965831,0.9950177073478699,-0.53258234,0.997285008430481,40-70,1,0,0,1,1,1.0,0.0,0.0,1.0,1.0,0
e8a9c1b19b4ecda9,1,0,0,0,0,1,28.0,0.0,0.0,0.0,0.0,0.0,0.0,0.0,0.0,0.0,0.0,-1.4314084,0.9075583219528198,-0.6888693,0.9784053564071655,-0.8221432,0.010529712773859501,-0.4900617,0.8979640007019043,-0.4708078,0.01640303246676922,15-40,1,0,0,0,0,0.9,0.0,0.0,0.0,0.0,0
657c38035ab9803a,1,0,1,0,0,1,19.0,1.0,0.0,1.0,0.0,0.0,1.0,0.0,1.0,0.0,0.0,-0.09253784,0.9858684539794922,-0.6701693,0.9575564861297607,0.76999974,0.12678517401218414,-0.49271786,0.9925248622894287,-0.4882687,0.02895316295325756,15-40,1,0,1,1,0,1.0,0.0,1.0,1.0,0.0,0
432fc4506e697735,1,0,1,0,1,1,28.0,2.0,0.0,0.0,0.0,1.0,1.0,0.0,0.0,0.0,1.0,0.7757494,0.9978129863739014,-0.73134375,0.7660750150680542,-0.83242995,0.7420480847358704,-0.51588434,0.9995063543319702,2.0508573,0.9993358850479126,15-40,1,0,0,1,1,1.0,0.0,0.0,1.0,1.0,0
e504d03127399213,1,0,1,0,0,1,149.0,2.0,2.0,0.0,0.0,0.0,1.0,1.0,0.0,0.0,0.0,1.1574885,0.33507880568504333,3.2366617,0.025662705302238464,-0.35092852,0.0037580940406769514,-0.33762234,0.9300146698951721,0.26323882,0.03152918443083763,120+,1,0,1,1,0,0.7,0.0,0.8,0.6,0.0,0
2aa03c29672362b6,1,0,1,0,0,1,69.0,1.0,0.0,2.0,0.0,0.0,1.0,0.0,1.0,0.0,0.0,-0.08219869,0.004425153136253357,-0.7201464,0.42462074756622314,2.0630634,0.9689738750457764,-0.53720856,0.9060729742050171,-0.49474102,0.013222821988165379,40-70,1,0,1,1,0,1.0,0.0,1.0,1.0,0.0,0
2bf77bd37ab6d6fe,1,0,0,0,0,1,24.0,2.0,0.0,1.0,0.0,0.0,1.0,0.0,1.0,0.0,0.0,0.78650916,0.8010812997817993,-0.69414055,0.9779044985771179,0.77507234,0.9794526100158691,-0.51497096,0.9940080046653748,-0.4767133,0.025492331013083458,15-40,1,0,0,1,0,1.0,0.0,0.0,1.0,0.0,0
f95ce6274c2061ec,1,0,0,0,0,1,30.0,2.0,0.0,0.0,0.0,0.0,1.0,0.0,0.0,0.0,0.0,0.7682794,0.60873943567276,-0.71282977,0.6436653137207031,-0.81916857,0.04981965571641922,-0.48791727,0.9788343906402588,-0.48106533,0.00669285049661994,15-40,1,0,0,1,0,0.9,0.0,0.0,0.8,0.0,0
5b316aa22634c14e,0,0,0,0,0,1,37.0,0.0,0.0,0.0,1.0,0.0,0.0,0.0,0.0,1.0,0.0,-1.4623309,0.00029711509705521166,-0.704912,0.0029752335976809263,-0.8402781,0.00017952795315068215,2.1118727,0.001048469333909452,-0.5351287,9.647852130001411e-05,15-40,1,0,0,1,0,0.3,0.0,0.0,0.2,0.0,0
2c151581119152c3,1,0,1,0,1,1,40.0,4.0,0.0,0.0,0.0,1.0,1.0,0.0,0.0,0.0,1.0,1.7741017,0.9921537637710571,-0.7517012,0.9532750248908997,-0.8305828,0.9708540439605713,-0.51950765,0.9983547925949097,2.0661063,0.9935494065284729,40-70,1,0,1,1,1,1.0,0.0,0.8,1.0,1.0,0
af424282153ec41c,1,1,0,0,0,10,42.0,0.0,1.0,0.0,0.0,0.0,0.0,1.0,0.0,0.0,0.0,-1.427607,0.9881765842437744,1.3681562,0.9983770847320557,-0.80776405,0.057864826172590256,-0.49858874,0.9952448010444641,-0.47552097,0.9589241147041321,40-70,1,0,1,1,0,1.0,0.0,0.8,1.0,0.0,0
8cbcb667cb69f7c7,1,0,0,0,1,10,34.0,1.0,0.0,0.0,0.0,0.0,1.0,0.0,0.0,0.0,0.0,-0.11666952,0.9839553833007812,-0.6878173,0.9861246943473816,-0.8086595,0.09773430973291397,-0.4915679,0.9984840750694275,-0.47928324,0.9963499903678894,15-40,1,0,0,1,1,1.0,0.0,0.0,1.0,1.0,0
f048c525873bd4dc,1,1,0,0,0,1,49.0,0.0,1.0,1.0,0.0,0.0,0.0,1.0,1.0,0.0,0.0,-1.4382595,0.9749646186828613,1.3528996,0.9806733727455139,0.76755804,0.09868568927049637,-0.51806396,0.9964272975921631,-0.48648185,0.2962469160556793,40-70,1,1,0,1,0,1.0,1.0,0.0,1.0,0.0,0
95a083df180c03f0,1,0,1,1,0,1,158.0,0.0,1.0,2.0,1.0,0.0,0.0,1.0,1.0,1.0,0.0,-0.93508166,6.814871449023485e-05,1.7435521,0.003087369492277503,1.2547245,4.927872942062095e-05,2.1607313,3.6621306207962334e-05,-0.001491832,0.002115703420713544,120+,1,1,1,1,0,0.2,0.8,0.3,0.1,0.0,0
8b8adc4067287e4b,1,1,1,0,0,1,128.0,4.0,1.0,3.0,0.0,0.0,1.0,1.0,1.0,0.0,0.0,1.6752076,0.9983482956886292,1.3478194,0.9975560903549194,2.6569383,0.9564311504364014,-0.490461,0.994401752948761,-0.5079952,0.7629984617233276,120+,1,1,1,1,1,1.0,1.0,1.0,1.0,1.0,0
37554fcd9230a43e,1,1,1,1,0,10,196.0,0.0,1.0,1.0,0.0,1.0,0.0,1.0,1.0,0.0,1.0,-0.8081356,0.9147487878799438,-0.34035632,0.9986382722854614,0.99506867,0.04057873412966728,-0.4218042,0.9938787221908569,2.3363082,0.467795193195343,120+,1,1,1,1,0,0.95,0.9,0.8,0.9,0.0,0
6ffa16b437af481e,1,0,1,0,1,1,31.0,1.0,1.0,0.0,0.0,0.0,1.0,1.0,0.0,0.0,0.0,-0.044669095,0.0068239555694162846,1.4108567,0.05926467105746269,-0.81184524,0.8507168292999268,-0.537629,0.8331210613250732,-0.4680337,0.004618542268872261,15-40,1,1,1,1,0,0.9,0.8,0.8,0.8,0.0,0
3e1d8d12f033a427,1,0,1,1,0,1,136.0,2.0,0.0,0.0,0.0,0.0,1.0,0.0,0.0,0.0,0.0,0.33780563,0.9725714325904846,-0.18502723,0.9699282050132751,-0.458134,0.9322068691253662,-0.3236481,0.992452085018158,-0.080806576,0.013902058824896812,120+,1,0,1,1,0,1.0,0.0,0.8,1.0,0.0,0
7f629dce7f63d035,1,0,1,0,0,1,122.0,3.0,1.0,2.0,0.0,0.0,1.0,1.0,1.0,0.0,0.0,1.365767,0.4386799931526184,1.3331763,0.5692241787910461,1.9693029,0.010071824304759502,-0.501687,0.9336731433868408,-0.5138882,0.0029694456607103348,120+,1,1,1,1,0,0.9,0.8,0.7,0.8,0.0,0
f2f4addea79a83f6,1,0,1,1,0,1,244.0,0.0,0.0,0.0,0.0,0.0,0.0,0.0,0.0,0.0,0.0,-0.83315486,4.400118632474914e-05,-0.16362275,0.0008409994770772755,-0.39524153,3.494435441098176e-05,-0.33087027,4.149717642576434e-05,-0.15603174,0.0007208380266092718,120+,1,0,1,1,0,0.05,0.0,0.2,0.05,0.0,0
41240f06f09974c6,1,0,1,0,1,1,17.0,1.0,0.0,1.0,0.0,0.0,1.0,0.0,1.0,0.0,0.0,0.18272756,0.7087672352790833,-0.67962873,0.9170058369636536,0.7285038,0.05937366187572479,-0.51024014,0.987817645072937,-0.4344774,0.9947391152381897,15-40,1,0,1,1,1,0.9,0.0,0.8,0.8,1.0,0
a0ee543b6cd0c1b7,1,0,1,0,0,1,56.0,2.0,0.0,0.0,0.0,0.0,1.0,0.0,0.0,0.0,0.0,0.7642846,0.9095862507820129,-0.7188359,0.8032509088516235,-0.8157312,0.012845958583056927,-0.50193113,0.9938309788703918,-0.48965618,0.005260852165520191,40-70,1,0,1,1,0,1.0,0.0,1.0,1.0,0.0,0
ced982178a5dcf9b,1,0,0,0,0,1,34.0,3.0,0.0,0.0,0.0,0.0,1.0,0.0,0.0,0.0,0.0,1.2865298,0.9876400828361511,-0.7146071,0.9567555785179138,-0.8205744,0.05628819391131401,-0.5132698,0.9982419013977051,-0.47846046,0.7108792662620544,15-40,1,0,0,1,0,1.0,0.0,0.0,1.0,0.0,0
36cd2e9eeedab2f9,1,0,1,0,1,10,85.0,2.0,0.0,0.0,0.0,1.0,1.0,0.0,0.0,0.0,1.0,0.8448702,0.980318546295166,-0.6946022,0.9880504012107849,-0.8267175,0.9042285680770874,-0.5135643,0.9916681051254272,2.0997803,0.9982826113700867,70-120,1,1,1,1,1,1.0,0.5,1.0,1.0,1.0,0
063f791a1582388d,1,0,0,0,0,1,30.0,2.0,1.0,0.0,1.0,0.0,1.0,1.0,0.0,1.0,0.0,0.7592912,0.9956936836242676,1.342541,0.7756048440933228,-0.81897926,0.03299238532781601,2.018856,0.998932957649231,-0.5192479,0.02412242442369461,15-40,1,0,0,1,0,1.0,0.0,0.0,1.0,0.0,0
87fcb9b3c99f519a,1,1,1,1,0,10,92.0,0.0,1.0,1.0,1.0,0.0,0.0,1.0,1.0,1.0,0.0,-1.4512879,0.9660599827766418,-0.7016403,0.537932813167572,0.7770307,0.2700468897819519,2.0540452,0.9966884851455688,-0.52023524,0.507178783416748,70-120,1,1,1,1,0,1.0,0.5,1.0,0.8,0.0,0
833b8972834ca888,1,1,1,0,1,1,58.0,1.0,1.0,1.0,0.0,2.0,1.0,1.0,1.0,0.0,1.0,0.021010946,0.16158467531204224,1.5267121,0.9895513653755188,0.84601414,0.016075419262051582,-0.58525187,0.9708540439605713,3.5035543,0.9897117018699646,40-70,1,1,1,1,1,1.0,1.0,1.0,1.0,1.0,0
76e376ae80698235,1,1,1,0,0,10,65.0,1.0,2.0,3.0,0.0,0.0,1.0,1.0,1.0,0.0,0.0,-0.0870163,0.970520555973053,2.6971223,0.9988190531730652,2.576428,0.4277254045009613,-0.52481884,0.99664306640625,-0.5296639,0.8543385863304138,40-70,1,1,1,1,0,1.0,1.0,1.0,1.0,0.0,0
292d5f2242d01b88,1,0,0,1,0,10,37.0,2.0,0.0,0.0,0.0,0.0,1.0,0.0,0.0,0.0,0.0,0.76772094,0.9664421677589417,-0.7215424,0.9484895467758179,-0.8108336,0.0027629986871033907,-0.50033456,0.9876161813735962,-0.49178466,0.09568694978952408,15-40,1,0,0,1,0,1.0,0.0,0.0,1.0,0.0,0
2e1486dd5855f7d9,1,0,0,0,0,1,41.0,1.0,0.0,1.0,0.0,0.0,1.0,0.0,1.0,0.0,0.0,0.07004597,0.9888635277748108,-0.6487154,0.9957766532897949,0.80436826,0.8061668276786804,-0.48097837,0.9987404942512512,-0.46121183,0.03937942534685135,40-70,1,0,1,1,0,1.0,0.0,1.0,1.0,0.0,0
06c9937e7b3c62c3,1,1,0,0,0,1,23.0,2.0,1.0,0.0,0.0,0.0,1.0,1.0,0.0,0.0,0.0,0.75481254,0.9594593048095703,1.3166506,0.995408296585083,-0.8016062,0.04020024463534355,-0.4900964,0.9943580627441406,-0.49349362,0.15456731617450714,15-40,1,1,0,1,0,1.0,1.0,0.0,1.0,0.0,0
0f3a6e354ae5150b,1,0,1,1,1,1,196.0,1.0,0.0,1.0,1.0,0.0,1.0,0.0,1.0,1.0,0.0,0.3055274,0.9987478852272034,-0.2646347,0.08203305304050446,-0.4058034,0.01481388695538044,2.1246867,0.9988144636154175,-0.14434777,0.03280595690011978,120+,1,1,1,1,1,0.95,0.8,0.9,0.95,0.9,0
cfe5c146bcc15ab1,1,0,0,0,0,1,23.0,3.0,0.0,1.0,0.0,0.0,1.0,0.0,1.0,0.0,0.0,1.2586275,0.9444849491119385,-0.6973715,0.9349319338798523,0.88242733,0.022650808095932007,-0.5083571,0.9902915358543396,-0.49263024,0.07885492593050003,15-40,1,0,0,1,0,1.0,0.0,0.0,1.0,0.0,0
4e14a7bfd5fa01e8,1,0,1,1,0,1,59.0,1.0,0.0,0.0,0.0,0.0,1.0,0.0,0.0,0.0,0.0,-0.11559121,0.06336633861064911,-0.6928845,0.8622937202453613,-0.8100311,0.00019716941460501403,-0.50914174,0.08764190226793289,-0.48333412,0.0015517841093242168,40-70,1,0,0,1,0,1.0,0.0,0.0,1.0,0.0,0
e5c0145e2c7f4458,1,0,1,0,0,1,22.0,1.0,0.0,0.0,0.0,0.0,1.0,0.0,0.0,0.0,0.0,-0.061075326,0.2075357586145401,-0.68838394,0.07423136383295059,-0.8103346,0.8169912099838257,-0.49190986,0.9476723670959473,-0.47933024,0.006692851427942514,15-40,1,0,1,1,0,0.9,0.0,0.8,0.8,0.0,0
1bb0ee8b98a35872,1,0,0,0,0,1,25.0,0.0,0.0,0.0,0.0,0.0,0.0,0.0,0.0,0.0,0.0,-1.4178389,0.9924958944320679,-0.69803876,0.980765700340271,-0.821671,0.27197620272636414,-0.48993242,0.9988027811050415,-0.46709305,0.9411693811416626,15-40,1,0,0,1,0,1.0,0.0,0.0,1.0,0.0,0
89a23a01e4184c6c,1,0,0,0,1,10,30.0,0.0,0.0,0.0,0.0,1.0,0.0,0.0,0.0,0.0,1.0,-1.4071729,0.8216173052787781,-0.7366183,0.9939143061637878,-0.8254553,0.02416844479739666,-0.472014,0.9971606135368347,2.1505938,0.9947084188461304,15-40,1,0,0,1,1,1.0,0.0,0.0,1.0,1.0,0
15187669f0945d0a,1,0,0,0,0,1,146.0,0.0,0.0,2.0,0.0,0.0,0.0,0.0,1.0,0.0,0.0,-0.93989104,0.01784873753786087,-0.17841525,0.004433765541762114,2.017786,0.002247463446110487,-0.37170404,0.00043818901758641005,0.011125984,0.0004994205082766712,120+,1,0,1,1,0,0.5,0.0,0.8,0.4,0.0,0
058136ae8c747e7f,1,0,1,0,1,1,18.0,0.0,0.0,0.0,0.0,0.0,0.0,0.0,0.0,0.0,0.0,-1.3660343,0.5211796164512634,-0.70237756,0.8975157737731934,-0.83085424,0.03771481662988663,-0.5011472,0.9810219407081604,-0.46623158,0.9478657245635986,15-40,1,0,1,0,1,0.8,0.0,0.9,0.0,1.0,0
af411e27a72c2ffb,1,0,0,0,1,1,19.0,2.0,0.0,0.0,0.0,0.0,1.0,0.0,0.0,0.0,0.0,0.7799179,0.9761064052581787,-0.69581586,0.9694401025772095,-0.7968156,0.003869391046464443,-0.5001028,0.9963783025741577,-0.4621157,0.9982385039329529,15-40,1,0,0,1,1,1.0,0.0,0.0,1.0,1.0,0
7dd7081cc3995594,1,1,1,1,1,1,168.0,1.0,0.0,3.0,0.0,0.0,1.0,0.0,1.0,0.0,0.0,0.32215676,0.007345826365053654,-0.053928677,0.9893062710762024,2.985016,0.9832145571708679,-0.33532053,0.9961003661155701,-0.010832222,0.007460643537342548,120+,1,1,1,1,0,1.0,1.0,1.0,1.0,0.0,0
0da1f6c78259bc09,1,0,1,0,0,1,49.0,2.0,0.0,1.0,0.0,0.0,1.0,0.0,1.0,0.0,0.0,0.8646659,0.9567555785179138,-0.70601285,0.9808759689331055,0.7802997,0.1527259647846222,-0.5106589,0.9537942409515381,-0.4964504,0.2523840367794037,40-70,1,0,1,1,0,1.0,0.0,0.8,1.0,0.0,0
ce44ef4c9c5ccb79,1,1,1,0,0,1,32.0,1.0,1.0,0.0,0.0,0.0,1.0,1.0,0.0,0.0,0.0,-0.06549534,0.6030847430229187,1.3878858,0.983893632888794,-0.7860642,0.10847195982933044,-0.51980764,0.9921841621398926,-0.4794361,0.06903792917728424,15-40,1,1,0,1,0,1.0,1.0,0.0,1.0,0.0,0
c3e6ef2fed3ce730,1,0,0,1,0,1,128.0,3.0,0.0,0.0,0.0,0.0,1.0,0.0,0.0,0.0,0.0,1.6970806,0.7056836485862732,-0.028252574,0.25284498929977417,-0.45253932,0.013070785440504551,-0.28854492,0.989751398563385,0.04449046,0.037573304027318954,120+,1,1,1,1,0,1.0,0.8,0.9,1.0,0.0,0
c7b3e91ca82973a0,1,0,0,0,0,1,246.0,1.0,0.0,0.0,0.0,0.0,1.0,0.0,0.0,0.0,0.0,-0.520079,0.04150109738111496,-0.041165993,0.969613254070282,-0.30143607,0.8777390122413635,-0.26405844,0.02742854319512844,0.05432388,0.08396546542644501,120+,1,1,1,1,0,1.0,1.0,1.0,1.0,0.0,0
073caaa812b71f47,1,0,1,0,1,1,66.0,7.0,0.0,0.0,0.0,0.0,1.0,0.0,0.0,0.0,0.0,2.6161094,0.9787735939025879,-0.658248,0.17752552032470703,-0.78384125,0.33791324496269226,-0.4765288,0.9743372797966003,-0.48731154,0.9911011457443237,40-70,1,0,0,1,1,1.0,0.0,0.0,1.0,1.0,0
e9d1b9955f471667,1,0,0,0,1,1,87.0,4.0,0.0,1.0,0.0,1.0,1.0,0.0,1.0,0.0,1.0,1.8133309,0.9962999820709229,-0.734167,0.9252299666404724,0.76751465,0.9557340741157532,-0.51276475,0.9948503375053406,2.0195367,0.9859092831611633,70-120,1,0,0,1,1,1.0,0.0,0.0,1.0,1.0,0
b692216898936dbf,1,0,1,0,1,1,64.0,3.0,0.0,2.0,0.0,1.0,1.0,0.0,1.0,0.0,1.0,1.493359,0.9997000098228455,-0.7314678,0.9497626423835754,2.0811646,0.8455602526664734,-0.52713007,0.9987005591392517,2.0064573,0.9815067052841187,40-70,1,0,1,1,1,1.0,0.0,1.0,1.0,1.0,0
6b74a4410b565773,1,0,1,0,0,10,71.0,3.0,0.0,1.0,0.0,0.0,1.0,0.0,1.0,0.0,0.0,1.3807846,0.9896718859672546,-0.73993933,0.887204647064209,0.77068573,0.9164841175079346,-0.5075471,0.9828068017959595,-0.5042982,0.09130105376243591,70-120,1,0,1,1,0,1.0,0.0,1.0,1.0,0.0,0
1f3e5237669b4124,1,0,1,1,1,1,24.0,2.0,0.0,0.0,1.0,1.0,1.0,0.0,0.0,1.0,1.0,0.8740974,0.9852287769317627,-0.77563965,0.9410611391067505,-0.84603524,0.8721297383308411,2.1244926,0.9984360933303833,2.0412037,0.9912886023521423,15-40,1,0,1,1,1,1.0,0.0,1.0,1.0,1.0,0
a643ddbae76fab0f,1,0,0,0,0,10,23.0,1.0,0.0,0.0,1.0,0.0,1.0,0.0,0.0,1.0,0.0,-0.02638659,0.9571177363395691,-0.69128126,0.9802619814872742,-0.8248656,0.3211405873298645,2.0779643,0.9931361675262451,-0.48269266,0.03997477516531944,15-40,1,0,0,1,0,1.0,0.0,0.0,1.0,0.0,0
9df49156eb5de976,1,0,1,0,0,1,79.0,3.0,0.0,0.0,0.0,0.0,1.0,0.0,0.0,0.0,0.0,1.3717201,0.9787126183509827,-0.74313134,0.9889171719551086,-0.82508326,0.019756918773055077,-0.49985993,0.9960775971412659,-0.49621916,0.7180015444755554,70-120,1,0,1,1,1,1.0,0.0,1.0,1.0,1.0,0
759ecc798b6c8129,1,0,0,0,0,10,36.0,0.0,0.0,0.0,0.0,0.0,0.0,0.0,0.0,0.0,0.0,-1.427836,0.9782811999320984,-0.69308174,0.9362850189208984,-0.8229769,0.09065496176481247,-0.49031842,0.9608048796653748,-0.47816414,0.01930808648467064,15-40,1,0,0,1,0,0.9,0.0,0.0,0.8,0.0,0
b316776b79830b28,1,0,1,0,0,10,101.0,1.0,0.0,0.0,0.0,0.0,1.0,0.0,0.0,0.0,0.0,-0.035602055,0.02822098694741726,-0.67839354,0.990532636642456,-0.7835708,0.6022224426269531,-0.5172342,0.2819984257221222,-0.47023526,0.032040081918239594,70-120,1,0,1,1,0,1.0,0.0,1.0,1.0,0.0,0
652870333fa9a051,1,0,0,1,0,1,22.0,4.0,0.0,0.0,1.0,0.0,1.0,0.0,0.0,1.0,0.0,1.700971,0.02456308901309967,-0.7004841,0.7591807842254639,-0.80976534,0.006998209282755852,2.1211774,0.036390889436006546,-0.46988,0.003422935027629137,15-40,1,0,1,1,0,1.0,0.0,0.8,1.0,0.0,0
f90196a9a30a3c4c,1,0,1,1,0,1,155.0,1.0,0.0,2.0,0.0,0.0,1.0,0.0,1.0,0.0,0.0,0.38113353,0.1243724450469017,-0.035733517,0.9299510717391968,2.0284128,0.6491895318031311,-0.30705518,0.9933459758758545,0.021828622,0.006615391932427883,120+,1,0,1,1,0,0.9,0.0,0.8,0.8,0.0,0
0694fc02b24cd1b2,1,0,0,0,0,1,36.0,1.0,0.0,1.0,0.0,0.0,1.0,0.0,1.0,0.0,0.0,-0.009434608,0.5472825765609741,-0.6849752,0.6895147562026978,0.7846486,0.001863928628154099,-0.503719,0.9801483154296875,-0.48850763,0.016183901578187943,15-40,1,0,1,1,0,0.8,0.0,0.9,0.7,0.0,0
b2c648d0b9651ab4,1,0,1,0,1,1,64.0,0.0,0.0,3.0,0.0,1.0,0.0,0.0,1.0,0.0,1.0,-1.2601513,0.9508236050605774,-0.684504,0.820685088634491,2.679631,0.9597620964050293,-0.4975347,0.9949983358383179,2.000717,0.9933201670646667,40-70,1,0,1,1,1,0.9,0.0,0.8,0.8,1.0,0
a64eb1183038bf2d,1,0,1,0,1,1,52.0,1.0,0.0,1.0,0.0,1.0,1.0,0.0,1.0,0.0,1.0,-0.033776257,0.9749168753623962,-0.71115947,0.9634718894958496,0.80385053,0.44783005118370056,-0.5311702,0.9969425797462463,2.0199776,0.9790757894515991,40-70,1,0,1,1,1,1.0,0.0,0.8,0.9,1.0,0
cea74810e85a3d48,1,1,1,0,0,1,64.0,3.0,1.0,1.0,1.0,0.0,1.0,1.0,1.0,1.0,0.0,1.3596873,0.9958580136299133,1.349273,0.9855799078941345,0.79798657,0.4073334336280823,2.0015974,0.9992083311080933,-0.5376934,0.15520645678043365,40-70,1,1,1,1,0,1.0,1.0,1.0,1.0,0.0,0
0f97aabfdfdd4003,1,0,1,1,1,1,73.0,2.0,0.0,0.0,1.0,1.0,1.0,0.0,0.0,1.0,1.0,0.8257645,0.9799574017524719,-0.74986947,0.9851718544960022,-0.854241,0.12137298285961151,2.029665,0.9977743029594421,2.0389237,0.9965704083442688,70-120,1,1,1,1,1,1.0,0.8,0.9,1.0,1.0,0
52aadb41ff1ac30f,1,0,1,0,0,1,138.0,4.0,0.0,0.0,0.0,0.0,1.0,0.0,0.0,0.0,0.0,1.8810414,0.09859886020421982,-0.56731987,0.8685482740402222,-0.7257692,0.020904192700982094,-0.45154363,0.8905799984931946,-0.32904044,0.005230278242379427,120+,1,1,1,1,0,0.9,0.8,0.9,0.9,0.0,0
a255d0bb9b85dcca,1,0,0,1,0,10,21.0,1.0,0.0,0.0,0.0,0.0,1.0,0.0,0.0,0.0,0.0,-0.09151584,0.27752190828323364,-0.68676764,0.7134316563606262,-0.80384743,0.35025468468666077,-0.5014803,0.9924957752227783,-0.4808221,0.035377386957407,15-40,1,0,0,1,0,1.0,0.0,0.0,1.0,0.0,0
e8bff19665740b8b,1,0,1,1,1,1,142.0,2.0,0.0,1.0,1.0,0.0,1.0,0.0,1.0,1.0,0.0,1.115674,0.9684110879898071,-0.005311373,0.9670388102531433,1.0285718,0.009340024553239346,2.18188,0.9947084188461304,0.09092038,0.9609883427619934,120+,1,1,1,1,1,0.9,0.8,0.6,0.9,1.0,0
f69777da16a8d9b9,1,0,0,0,0,1,42.0,1.0,0.0,1.0,0.0,0.0,1.0,0.0,1.0,0.0,0.0,-0.07605605,0.8521374464035034,-0.6907673,0.9669452905654907,0.8149167,0.05151045694947243,-0.5007346,0.9925826787948608,-0.48279092,0.029816536232829094,40-70,1,0,0,1,0,1.0,0.0,0.0,1.0,0.0,0
7dcee8f86f542b3f,1,0,1,0,1,1,96.0,2.0,0.0,3.0,0.0,1.0,1.0,0.0,1.0,0.0,1.0,0.8731072,0.9570776224136353,-0.65674263,0.8078398704528809,2.7182007,0.05227922275662422,-0.52074987,0.9923341274261475,2.1455412,0.8224031925201416,70-120,1,0,1,1,1,1.0,0.0,1.0,1.0,1.0,0
c9d6f1eca8cab79a,1,1,1,0,0,10,57.0,0.0,1.0,1.0,0.0,0.0,0.0,1.0,1.0,0.0,0.0,-1.4285167,0.9317114353179932,1.3696918,0.9902539253234863,0.8003121,0.19837456941604614,-0.50965023,0.9787735939025879,-0.482356,0.04288223758339882,40-70,1,1,1,1,0,1.0,1.0,0.8,1.0,0.0,0
ab644f2e14941153,1,0,1,0,0,1,28.0,1.0,0.0,2.0,0.0,0.0,1.0,0.0,1.0,0.0,0.0,-0.0438388,0.9767358899116516,-0.69555426,0.9887987971305847,1.8831408,0.34892240166664124,-0.51116437,0.9980276823043823,-0.48310477,0.06859986484050751,15-40,1,0,1,1,0,0.8,0.0,0.9,0.7,0.0,0
569d6ff8e23ff3af,1,0,1,0,0,1,34.0,0.0,0.0,0.0,0.0,0.0,0.0,0.0,0.0,0.0,0.0,-1.3940105,0.9892752170562744,-0.696924,0.6941471695899963,-0.83383507,0.08411581814289093,-0.51068634,0.9951608777046204,-0.47085485,0.024145422503352165,15-40,1,0,1,1,0,1.0,0.0,1.0,1.0,0.0,0
cfd9f51736225c6f,1,1,1,0,0,1,136.0,1.0,1.0,2.0,0.0,0.0,1.0,1.0,1.0,0.0,0.0,-0.013916284,0.24436300992965698,1.3585014,0.988469660282135,1.7990437,0.046724963933229446,-0.49541843,0.9988664388656616,-0.4916772,0.19544048607349396,120+,1,1,1,1,1,1.0,1.0,1.0,1.0,1.0,0
95b10c65994e8a5c,1,1,0,0,0,10,53.0,4.0,1.0,0.0,0.0,0.0,1.0,1.0,0.0,0.0,0.0,1.783848,0.9547319412231445,1.2928704,0.9118492007255554,-0.8357982,0.03374837338924408,-0.50055057,0.9913558959960938,-0.5110774,0.020215969532728195,40-70,1,1,0,1,0,1.0,1.0,0.0,1.0,0.0,0
d843c4cf3d44295a,1,0,1,0,0,1,85.0,2.0,0.0,2.0,0.0,0.0,1.0,0.0,1.0,0.0,0.0,0.7504282,0.9816479682922363,-0.70124334,0.9189906120300293,1.953123,0.9551520943641663,-0.5130883,0.9978469014167786,-0.5049016,0.04633503779768944,70-120,1,0,0,1,0,1.0,0.0,0.0,1.0,0.0,0
7105a8c03338c74b,1,0,0,0,0,1,29.0,1.0,0.0,1.0,0.0,0.0,1.0,0.0,1.0,0.0,0.0,-0.08219298,0.13145169615745544,-0.6833421,0.8584814667701721,0.78707963,0.8328493237495422,-0.5075326,0.3807013928890228,-0.4834377,0.010631946846842766,15-40,1,0,1,1,0,0.9,0.0,0.8,0.8,0.0,0
c219425926caea76,1,0,1,0,0,1,24.0,0.0,0.0,1.0,0.0,0.0,0.0,0.0,1.0,0.0,0.0,-1.390808,0.942081868648529,-0.706224,0.10079008340835571,0.7859702,0.04809204488992691,-0.48930416,0.9531444311141968,-0.4839434,0.016979992389678955,15-40,1,0,1,1,0,1.0,0.0,1.0,1.0,0.0,0
b5b3ea74af6049e4,1,0,0,0,0,1,70.0,3.0,0.0,2.0,0.0,0.0,1.0,0.0,1.0,0.0,0.0,1.3857627,0.9944342970848083,-0.75362796,0.6881541609764099,1.9585294,0.19042275846004486,-0.5352342,0.9988686442375183,-0.53978264,0.07999736815690994,70-120,1,0,0,1,0,1.0,0.0,0.0,1.0,0.0,0
8ca9605024cde9a9,1,1,1,0,0,10,177.0,4.0,1.0,1.0,0.0,0.0,1.0,1.0,1.0,0.0,0.0,1.4874862,0.9714558720588684,1.8618484,0.26540422439575195,1.0462646,0.10903989523649216,-0.36322427,0.9889598488807678,0.008107081,0.00937623716890812,120+,1,0,0,1,0,1.0,0.0,0.0,1.0,0.0,0
7ac67c2aeff0c453,1,0,1,0,1,1,66.0,1.0,0.0,1.0,0.0,1.0,1.0,0.0,1.0,0.0,1.0,-0.047653966,0.08130066096782684,-0.6889307,0.8980534672737122,0.8119261,0.9257686138153076,-0.505329,0.6588017344474792,2.0666459,0.9964687824249268,40-70,1,0,1,1,1,1.0,0.0,1.0,1.0,1.0,0
1697fa2d01e47577,1,1,1,1,0,1,218.0,2.0,1.0,5.0,1.0,0.0,1.0,1.0,1.0,1.0,0.0,0.5019098,0.9472836256027222,0.123377696,0.9697567820549011,2.7512035,0.9588086009025574,2.1760557,0.995866060256958,0.18240301,0.021004369482398033,120+,1,1,1,1,0,1.0,1.0,1.0,1.0,0.0,0
321bedcc1eadbb94,1,1,1,0,1,1,209.0,4.0,0.0,1.0,0.0,0.0,1.0,0.0,1.0,0.0,0.0,1.2179062,0.9980807900428772,0.21238619,0.6515489220619202,1.2273523,0.055208686739206314,-0.20735504,0.995309054851532,0.24791138,0.7033456563949585,120+,1,1,1,1,1,1.0,0.5,1.0,1.0,1.0,0
bcd2bb1197589a50,1,0,1,0,0,1,23.0,3.0,0.0,2.0,0.0,0.0,1.0,0.0,1.0,0.0,0.0,1.5052185,0.9834704399108887,-0.7340461,0.5668728947639465,1.9551942,0.034423548728227615,-0.5151564,0.9973165988922119,-0.54563314,0.012600625865161419,15-40,1,0,1,1,0,1.0,0.0,1.0,1.0,0.0,0
f8734e0f371d789a,1,0,1,0,0,1,50.0,1.0,0.0,2.0,0.0,0.0,1.0,0.0,1.0,0.0,0.0,-0.04900445,0.9771537780761719,-0.7116879,0.8357518315315247,1.8435518,0.04020024463534355,-0.52132267,0.9970189332962036,-0.47349927,0.00999422650784254,40-70,1,0,1,1,1,1.0,0.0,1.0,1.0,1.0,0
29f604da391778ad,1,0,1,0,1,1,42.0,0.0,0.0,1.0,0.0,0.0,0.0,0.0,1.0,0.0,0.0,-1.3989334,0.964655876159668,-0.69333524,0.976646900177002,0.8358804,0.9170058965682983,-0.5238363,0.9946359395980835,-0.47785053,0.9952355623245239,40-70,1,0,1,1,1,1.0,0.0,1.0,1.0,1.0,0
2567a1f032b94938,1,1,0,0,0,1,90.0,1.0,1.0,1.0,0.0,0.0,1.0,1.0,1.0,0.0,0.0,0.11927938,0.9515940546989441,1.3429204,0.9934864640235901,0.7976143,0.9733928442001343,-0.49379933,0.9960927367210388,-0.48314118,0.046942923218011856,70-120,1,1,0,1,0,0.9,0.8,0.0,0.8,0.0,0
4dd20ab2c4d5a252,1,0,1,0,0,1,26.0,0.0,0.0,3.0,1.0,0.0,0.0,0.0,1.0,1.0,0.0,-1.3086686,0.014700297266244888,-0.6558015,0.8121979236602783,2.6491241,0.00856089312583208,1.9601092,0.31795546412467957,-0.49720675,0.007922627963125706,15-40,1,0,1,1,0,1.0,0.0,0.8,0.9,0.0,0
0355739d78485f38,1,1,1,0,1,1,71.0,1.0,1.0,1.0,0.0,0.0,1.0,1.0,1.0,0.0,0.0,-0.08548469,0.12743529677391052,1.372455,0.9973938465118408,0.82591206,0.4479055106639862,-0.5024548,0.9827737808227539,-0.47575116,0.890198826789856,70-120,1,1,1,1,1,1.0,1.0,0.8,1.0,1.0,0
1657cada841bb938,1,0,0,0,1,1,30.0,2.0,0.0,0.0,1.0,1.0,1.0,0.0,0.0,1.0,1.0,0.8545288,0.9613164663314819,-0.8036003,0.9756234288215637,-0.82480824,0.020138738676905632,2.0503485,0.9979730248451233,2.0132363,0.9914224743843079,15-40,1,0,0,1,1,1.0,0.0,0.0,1.0,1.0,0
64804e8210de0e09,1,0,0,0,0,10,28.0,3.0,0.0,0.0,0.0,0.0,1.0,0.0,0.0,0.0,0.0,1.3181428,0.9964411854743958,-0.73913574,0.7509182691574097,-0.823664,0.02876158617436886,-0.5155123,0.9972584247589111,-0.48481688,0.02412242442369461,15-40,1,0,0,1,0,1.0,0.0,0.0,1.0,0.0,0
d7be4082c007d3d3,1,0,0,1,1,1,20.0,0.0,0.0,0.0,1.0,1.0,0.0,0.0,0.0,1.0,1.0,-1.3470045,0.9910492897033691,-0.72917634,0.9934991598129272,-0.81403667,0.021409768611192703,2.0265746,0.9923192858695984,2.0605307,0.9969186186790466,15-40,1,0,0,1,1,1.0,0.0,0.0,1.0,1.0,0
45412b48bd2b0dcf,1,0,0,0,0,10,33.0,2.0,0.0,1.0,0.0,0.0,1.0,0.0,1.0,0.0,0.0,0.7685234,0.9752018451690674,-0.6992811,0.9670386910438538,0.83135086,0.25590112805366516,-0.50875926,0.9937949776649475,-0.48511887,0.020177317783236504,15-40,1,0,0,1,0,1.0,0.0,0.0,1.0,0.0,0
24cc98c9f10b68d1,1,0,1,0,1,10,44.0,0.0,0.0,0.0,0.0,0.0,0.0,0.0,0.0,0.0,0.0,-1.2268165,0.9113770723342896,-0.7039869,0.9687380790710449,-0.83685225,0.07296629995107651,-0.49729115,0.9974190592765808,-0.46854538,0.9878410696983337,40-70,1,0,1,1,1,1.0,0.0,1.0,1.0,1.0,0
a7410464d4466569,1,1,1,1,0,1,297.0,4.0,1.0,2.0,1.0,1.0,1.0,1.0,1.0,1.0,1.0,0.43081924,0.01925269141793251,-0.1412992,0.43449878692626953,1.0709128,0.0005792916635982692,-0.326066,0.9869040250778198,-0.05850645,0.009268013760447502,120+,1,1,1,1,0,0.8,0.5,0.6,0.6,0.0,0
cf3c206c573a1444,1,0,1,0,1,1,129.0,4.0,0.0,0.0,0.0,1.0,1.0,0.0,0.0,0.0,1.0,1.8457941,0.9975321888923645,-0.7154792,0.9593831896781921,-0.8265905,0.82439124584198,-0.5050134,0.9982926845550537,2.0642333,0.9874720573425293,120+,1,0,0,1,1,1.0,0.0,0.0,1.0,1.0,0
42224234d4ca120e,1,0,1,0,1,1,20.0,1.0,0.0,1.0,0.0,1.0,1.0,0.0,1.0,0.0,1.0,-0.079145774,0.967808187007904,-0.7085677,0.9691786170005798,0.83294594,0.2619912624359131,-0.5298728,0.9986006021499634,2.0696766,0.9912038445472717,15-40,1,1,1,1,1,1.0,0.8,0.9,0.9,1.0,0
1e5835047db558cf,1,0,1,0,0,1,323.0,5.0,0.0,1.0,1.0,1.0,1.0,0.0,1.0,1.0,1.0,1.969522,0.32611045241355896,0.041022867,0.5659435987472534,-0.43460473,0.0006706176209263504,2.2547169,0.8844391703605652,0.19886896,0.060418419539928436,120+,1,0,0,1,0,1.0,0.0,0.0,1.0,0.0,0
45b763218974084f,1,0,0,0,1,1,20.0,0.0,0.0,0.0,0.0,1.0,0.0,0.0,0.0,0.0,1.0,-1.4085734,0.9613890051841736,-0.6897281,0.9282138347625732,-0.80356604,0.4916008412837982,-0.5033102,0.9948704242706299,2.149637,0.9993135333061218,15-40,1,0,0,1,1,1.0,0.0,0.0,1.0,1.0,0
6b62790e339f3e5f,1,0,1,0,0,1,90.0,3.0,0.0,0.0,2.0,0.0,1.0,0.0,0.0,1.0,0.0,1.3476641,0.8607792854309082,-0.7670074,0.9781354069709778,-0.82063305,0.9708263874053955,3.5994797,0.9937344193458557,-0.45335972,0.9595352411270142,70-120,1,0,1,1,0,1.0,0.0,1.0,1.0,0.0,0
b1ccb826d24b6dde,1,0,0,0,0,1,58.0,1.0,0.0,0.0,0.0,0.0,1.0,0.0,0.0,0.0,0.0,-0.04858,0.18476751446723938,-0.68835086,0.9740673303604126,-0.80750585,0.017543187364935875,-0.50090253,0.9103861451148987,-0.4764705,0.00523027777671814,40-70,1,0,0,1,0,1.0,0.0,0.0,1.0,0.0,0
e1c011e1c5824e2b,1,0,0,0,1,10,27.0,2.0,0.0,0.0,0.0,0.0,1.0,0.0,0.0,0.0,0.0,0.7240165,0.986084520816803,-0.6837572,0.9907498955726624,-0.80525666,0.0938439592719078,-0.49885887,0.999231219291687,-0.478702,0.9991880059242249,15-40,1,0,0,1,1,1.0,0.0,0.0,1.0,1.0,0
3475ce6a61307eff,1,1,1,0,0,1,42.0,0.0,1.0,0.0,0.0,0.0,0.0,1.0,0.0,0.0,0.0,-1.4287311,0.7383390665054321,1.4017137,0.990121066570282,-0.82467616,0.965348482131958,-0.52739924,0.9836441874504089,-0.48394066,0.007651031017303467,40-70,1,1,0,1,0,1.0,1.0,0.0,1.0,0.0,0
89597909fbb80804,1,0,0,0,0,1,58.0,2.0,0.0,3.0,0.0,0.0,1.0,0.0,1.0,0.0,0.0,0.77526176,0.8136088848114014,-0.6923912,0.8916224241256714,2.46553,0.053601138293743134,-0.54338235,0.9896318316459656,-0.53471667,0.21783627569675446,40-70,1,0,0,1,0,1.0,0.0,0.0,1.0,0.0,0
e851af788d7fa47a,1,0,1,0,0,1,19.0,1.0,0.0,0.0,0.0,0.0,1.0,0.0,0.0,0.0,0.0,-0.09699131,0.7850614786148071,-0.70084816,0.5984881520271301,-0.8090948,0.658197820186615,-0.498437,0.9976993799209595,-0.4708935,0.011093566194176674,15-40,1,0,1,1,0,1.0,0.0,1.0,1.0,0.0,0
2db024e1a6dc1e3c,1,0,0,0,0,1,19.0,2.0,0.0,0.0,0.0,0.0,1.0,0.0,0.0,0.0,0.0,0.8014557,0.90456622838974,-0.7043485,0.01740904338657856,-0.7956558,0.0030574575066566467,-0.49156842,0.9937344789505005,-0.47595575,0.009859856218099594,15-40,1,0,0,0,0,1.0,0.0,0.0,0.0,0.0,0
5a096fbbf9165170,1,0,1,0,0,1,35.0,0.0,0.0,1.0,1.0,0.0,0.0,0.0,1.0,1.0,0.0,-1.4219236,0.9913222789764404,-0.72587407,0.8858290910720825,0.7036954,0.9028668403625488,2.0278761,0.9982993006706238,-0.5415226,0.024869108572602272,15-40,1,0,1,1,0,1.0,0.0,0.8,1.0,0.0,0
fa77ad0329820aa5,1,1,1,0,0,1,20.0,0.0,1.0,1.0,0.0,0.0,0.0,1.0,1.0,0.0,0.0,-1.474726,0.9983124732971191,1.4386593,0.9949788451194763,0.71795607,0.9806919693946838,-0.5149321,0.9990130662918091,-0.4881313,0.9240732789039612,15-40,1,1,1,1,0,1.0,1.0,1.0,1.0,0.0,0
11e122da4dcb9c3a,1,0,0,0,1,1,41.0,1.0,0.0,0.0,0.0,2.0,1.0,0.0,0.0,0.0,1.0,-0.1353513,0.6846858263015747,-0.7569031,0.9184070825576782,-0.8332077,0.013689476996660233,-0.53071773,0.9903477430343628,3.714474,0.9897316098213196,40-70,1,0,0,1,1,1.0,0.0,0.0,1.0,1.0,0
1f206a90ae53fa24,1,0,1,0,0,1,68.0,1.0,0.0,1.0,1.0,0.0,1.0,0.0,1.0,1.0,0.0,-0.06634169,0.1980641782283783,-0.73329365,0.9907855987548828,0.80519384,0.024307016283273697,2.0916898,0.9917484521865845,-0.5039331,0.02724677510559559,40-70,1,1,1,1,0,0.8,0.7,0.9,0.9,0.0,0
478f485441b2e4bd,1,0,0,0,0,1,17.0,0.0,0.0,0.0,0.0,0.0,0.0,0.0,0.0,0.0,0.0,-1.3889089,0.007533306255936623,-0.6888496,0.01914236508309841,-0.8274384,0.04858621209859848,-0.5035376,0.042562730610370636,-0.46983445,0.006998209748417139,15-40,1,0,1,1,0,0.9,0.0,0.8,0.8,0.0,0
81c4b2a4006aaff0,1,1,1,0,0,10,90.0,1.0,1.0,3.0,0.0,0.0,1.0,1.0,1.0,0.0,0.0,-0.081527665,0.7197777628898621,1.3366427,0.9904406070709229,2.525736,0.6191834807395935,-0.5256401,0.9910319447517395,-0.5221419,0.0833665281534195,70-120,1,1,1,1,0,1.0,1.0,1.0,1.0,0.0,0
7b5d6d64bd843684,1,0,0,1,1,1,84.0,1.0,0.0,0.0,0.0,1.0,1.0,0.0,0.0,0.0,1.0,-0.10911706,0.9816831350326538,-0.6973479,0.9754837155342102,-0.8261886,0.03534407541155815,-0.483617,0.9971383810043335,2.0671213,0.991700291633606,70-120,1,0,0,1,1,0.9,0.0,0.0,0.8,1.0,0
66ddee3f06cc81ab,1,0,1,0,0,1,17.0,1.0,0.0,1.0,0.0,0.0,1.0,0.0,1.0,0.0,0.0,-0.048817746,0.09426001459360123,-0.67839056,0.8889035582542419,0.78461254,0.8452411890029907,-0.507316,0.9819619655609131,-0.4818213,0.10687687247991562,15-40,1,0,1,1,0,1.0,0.0,1.0,1.0,0.0,0
71fc59d98ab8abce,1,0,1,0,0,1,18.0,1.0,0.0,1.0,0.0,0.0,1.0,0.0,1.0,0.0,0.0,-0.0598244,0.33676716685295105,-0.6921908,0.13375431299209595,0.7917245,0.02505926974117756,-0.49460346,0.989611804485321,-0.48947006,0.10771873593330383,15-40,1,0,1,1,0,1.0,0.0,1.0,1.0,0.0,0
5033b7996afdf1e5,1,1,1,0,0,1,72.0,2.0,1.0,0.0,0.0,0.0,1.0,1.0,0.0,0.0,0.0,0.7834023,0.13296423852443695,1.3401479,0.9556514024734497,-0.82263494,0.2258431762456894,-0.5137871,0.9942586421966553,-0.49191135,0.020586775615811348,70-120,1,1,1,1,0,1.0,1.0,0.8,1.0,0.0,0
ad6d1ef017e4f161,1,0,1,0,1,1,92.0,3.0,0.0,2.0,0.0,1.0,1.0,0.0,1.0,0.0,1.0,1.3343499,0.06435883790254593,-0.74134666,0.9667887687683105,2.0009162,0.07217757403850555,-0.51804453,0.9892855882644653,2.0011032,0.9838005304336548,70-120,1,0,1,1,1,1.0,0.0,1.0,1.0,1.0,0
5ca290ff95cd9049,1,0,1,1,0,1,408.0,8.0,1.0,2.0,0.0,0.0,1.0,1.0,1.0,0.0,0.0,2.0534892,0.9634719491004944,0.09440635,0.9489172697067261,0.20650484,0.0066153923980891705,-0.2711376,0.9979332685470581,0.19672538,0.0027737829368561506,120+,1,1,1,1,0,1.0,0.8,0.9,1.0,0.0,0
0da89ed6a4ccb825,1,0,1,0,1,1,60.0,1.0,0.0,1.0,0.0,1.0,1.0,0.0,1.0,0.0,1.0,-0.06573351,0.9470392465591431,-0.7200015,0.9427180290222168,0.79739875,0.06278920918703079,-0.5295777,0.9972690939903259,1.985655,0.9989697933197021,40-70,1,1,1,1,1,0.8,0.6,0.9,0.7,1.0,0
56fdd6e7f43fc8d7,1,0,1,0,1,1,76.0,2.0,0.0,0.0,0.0,1.0,1.0,0.0,0.0,0.0,1.0,0.78518426,0.9775429368019104,-0.72834784,0.953361988067627,-0.8296727,0.9642542600631714,-0.5333922,0.9961903691291809,2.0230072,0.9577149748802185,70-120,1,0,1,1,1,1.0,0.0,0.8,1.0,1.0,0
ac3fdae9501834a3,1,1,1,0,0,1,135.0,3.0,1.0,1.0,0.0,0.0,1.0,1.0,1.0,0.0,0.0,1.4860213,0.933552086353302,1.6374224,0.9971160292625427,1.1707559,0.03158888593316078,-0.34151268,0.9923192858695984,-0.07031155,0.03173859417438507,120+,1,1,1,1,0,1.0,1.0,1.0,1.0,0.0,0
e7f141d635aca699,1,1,0,1,0,1,132.0,4.0,1.0,4.0,1.0,0.0,1.0,1.0,1.0,1.0,0.0,1.915423,0.993358850479126,1.5887718,0.998386561870575,3.2700536,0.08725224435329437,-0.25676396,0.9869794845581055,-0.07500888,0.08306851238012314,120+,1,1,1,1,0,1.0,1.0,0.8,1.0,0.0,0
321f3ff19a738c0b,1,0,0,1,1,1,40.0,4.0,0.0,0.0,0.0,0.0,1.0,0.0,0.0,0.0,0.0,1.7934146,0.9821169376373291,-0.7519509,0.7355466485023499,-0.8141954,0.8416305184364319,-0.5036857,0.9976357817649841,-0.49676123,0.058131590485572815,40-70,1,0,0,1,0,1.0,0.0,0.0,1.0,0.0,0
983255136f15f5d4,1,1,1,0,0,1,123.0,0.0,0.0,3.0,0.0,0.0,0.0,0.0,1.0,0.0,0.0,-1.2679796,0.871638834476471,-0.6289574,0.9780935645103455,2.8144512,0.9439706206321716,-0.47668558,0.9961230754852295,-0.4703507,0.044764310121536255,120+,1,1,1,1,0,1.0,1.0,1.0,1.0,0.0,0
3830bcac7edb50df,1,0,1,1,0,1,79.0,3.0,0.0,0.0,0.0,0.0,1.0,0.0,0.0,0.0,0.0,1.2867687,0.9797646999359131,-0.7153187,0.9957354068756104,-0.8401505,0.6661710739135742,-0.5072499,0.9787938594818115,-0.49752963,0.21255874633789062,70-120,1,1,1,1,0,1.0,0.8,0.6,1.0,0.0,0
ee484523615422f9,1,0,1,1,0,1,131.0,2.0,2.0,1.0,1.0,0.0,1.0,1.0,1.0,1.0,0.0,0.72551495,0.015483987517654896,2.6339362,0.2966032922267914,0.8671698,0.0004068574926350266,2.023502,0.21642525494098663,-0.46419904,0.005641908850520849,120+,1,1,0,1,0,0.4,0.8,0.0,0.3,0.0,0
63fca546adaef305,1,1,1,0,0,1,71.0,1.0,1.0,0.0,0.0,0.0,1.0,1.0,0.0,0.0,0.0,-0.1266616,0.8641385436058044,1.3561939,0.9457511901855469,-0.82503384,0.010288301855325699,-0.50409317,0.8932163119316101,-0.4978058,0.054449569433927536,70-120,1,1,1,1,0,0.8,0.9,0.8,0.7,0.0,0
8ce5a2462cc21b9b,1,1,0,1,1,1,144.0,1.0,1.0,1.0,0.0,0.0,1.0,1.0,1.0,0.0,0.0,0.2489894,0.9719924926757812,1.6220605,0.9973060488700867,1.0200802,0.11018359661102295,-0.36973387,0.9923192858695984,-0.21440643,0.08064661175012589,120+,1,1,1,1,0,1.0,1.0,0.8,1.0,0.0,0
693599303382a70f,1,0,0,0,0,1,45.0,2.0,0.0,0.0,0.0,0.0,1.0,0.0,0.0,0.0,0.0,0.7483334,0.9471371173858643,-0.71278894,0.9756001830101013,-0.83084655,0.7124322652816772,-0.51234317,0.991389274597168,-0.49289328,0.9322068691253662,40-70,1,1,1,1,0,1.0,0.8,0.9,1.0,0.0,0
1e4bf232dc0b61e2,1,0,1,0,1,10,162.0,4.0,0.0,1.0,0.0,0.0,1.0,0.0,1.0,0.0,0.0,1.6891091,0.2840792238712311,0.17294666,0.9385196566581726,1.1480162,0.42161133885383606,-0.22932158,0.9932680130004883,0.36992133,0.4984588921070099,120+,1,1,1,1,1,1.0,1.0,1.0,1.0,1.0,0
115a389fa5081a88,1,1,1,1,0,1,157.0,1.0,1.0,1.0,0.0,0.0,1.0,1.0,1.0,0.0,0.0,-0.9278177,0.4365319311618805,-0.21652271,0.6184636354446411,1.0496193,0.00025266254669986665,-0.3473038,0.031114377081394196,-0.05266085,0.03810662031173706,120+,1,1,1,1,0,0.6,1.0,0.8,0.5,0.0,0
3ea6bd63cc54a35d,1,0,0,0,0,1,22.0,2.0,0.0,0.0,0.0,0.0,1.0,0.0,0.0,0.0,0.0,0.76741403,0.012312326580286026,-0.70371735,0.026480939239263535,-0.8032344,0.017176711931824684,-0.49936613,0.007680746726691723,-0.48716342,0.0013121624942868948,15-40,1,0,0,0,0,0.9,0.0,0.0,0.0,0.0,0
23c55dfcfc9a9aad,1,0,0,1,0,1,25.0,0.0,0.0,0.0,0.0,0.0,0.0,0.0,0.0,0.0,0.0,-1.4145741,0.8694376349449158,-0.71395683,0.9790757894515991,-0.81901956,0.013982613570988178,-0.48838192,0.9968702793121338,-0.46800193,0.10026028007268906,15-40,1,0,0,1,0,0.9,0.0,0.0,0.8,0.0,0
8a80595c5c39897a,1,0,1,0,0,1,34.0,0.0,0.0,1.0,0.0,0.0,0.0,0.0,1.0,0.0,0.0,-1.4205756,0.9544355273246765,-0.7025383,0.008461998775601387,0.7826455,0.14074911177158356,-0.5039618,0.9876400828361511,-0.4873555,0.06221698597073555,15-40,1,0,1,1,0,0.8,0.0,0.7,0.8,0.0,0
4956343101d72b49,1,0,0,0,1,1,76.0,3.0,1.0,0.0,1.0,0.0,1.0,1.0,0.0,1.0,0.0,1.4742151,0.9750598073005676,1.3386993,0.9764456748962402,-0.85328496,0.009072808548808098,2.0491204,0.9972530603408813,-0.48597735,0.9810219407081604,70-120,1,1,0,1,1,1.0,0.5,0.0,1.0,1.0,0
d0df05d8eda342af,1,0,1,1,1,1,61.0,0.0,0.0,1.0,0.0,0.0,0.0,0.0,1.0,0.0,0.0,-1.4271777,0.9649213552474976,-0.691074,0.9873628616333008,0.77211666,0.5827582478523254,-0.4924131,0.9984481930732727,-0.48324868,0.9976768493652344,40-70,1,1,1,1,1,1.0,0.5,0.8,1.0,1.0,0
c89d28227fe55c25,1,0,0,0,0,1,30.0,0.0,0.0,0.0,0.0,0.0,0.0,0.0,0.0,0.0,0.0,-1.4012171,0.8340016603469849,-0.6834385,0.9762199521064758,-0.81146294,0.0012113065458834171,-0.5028342,0.02808738872408867,-0.46770608,0.18795108795166016,15-40,1,1,0,0,0,1.0,1.0,0.0,0.0,0.0,0
947b35783713ae0e,1,0,1,0,0,1,49.0,0.0,0.0,2.0,0.0,0.0,0.0,0.0,1.0,0.0,0.0,-1.4295348,0.8588370084762573,-0.7028654,0.8912444114685059,1.9777101,0.9650202989578247,-0.52857065,0.9986698031425476,-0.47447002,0.056600261479616165,40-70,1,0,1,1,0,1.0,0.0,1.0,1.0,0.0,0
b7ca63b3342be509,1,0,1,0,1,1,48.0,2.0,0.0,0.0,0.0,1.0,1.0,0.0,0.0,0.0,1.0,0.7816135,0.9811668992042542,-0.7097831,0.7815808057785034,-0.7888919,0.03871982544660568,-0.5271033,0.9939495921134949,1.9879161,0.9949199557304382,40-70,1,1,1,1,1,1.0,1.0,1.0,1.0,1.0,0
dec753eb83295ac5,1,0,1,0,0,1,24.0,0.0,0.0,0.0,0.0,0.0,0.0,0.0,0.0,0.0,0.0,-1.3969388,0.5264454483985901,-0.6966462,0.04603390395641327,-0.8259073,0.8297680616378784,-0.5022904,0.9953993558883667,-0.46881592,0.008315778337419033,15-40,1,0,1,1,0,0.9,0.0,0.9,0.8,0.0,0
de183aa703cfc176,1,0,0,1,0,10,35.0,0.0,0.0,1.0,1.0,0.0,0.0,0.0,1.0,1.0,0.0,-1.4190108,0.9366336464881897,-0.7017364,0.5717217922210693,0.80441487,0.3996652066707611,2.1090248,0.9979251027107239,-0.5240872,0.011008186265826225,15-40,1,0,0,1,0,1.0,0.0,0.0,1.0,0.0,0
00a7c14684622c60,1,1,0,0,0,1,35.0,1.0,1.0,0.0,0.0,0.0,1.0,1.0,0.0,0.0,0.0,-0.071221866,0.9471370577812195,1.3538283,0.9955402612686157,-0.84001905,0.05839952081441879,-0.52030194,0.9869795441627502,-0.48425117,0.0427221953868866,15-40,1,1,0,1,0,1.0,1.0,0.0,1.0,0.0,0
2c76b302c8115d4b,1,0,1,0,0,1,64.0,1.0,0.0,0.0,0.0,0.0,1.0,0.0,0.0,0.0,0.0,0.0263844,0.9942362904548645,-0.69921535,0.9102665781974792,-0.8164365,0.17902764678001404,-0.513401,0.9989287853240967,-0.47980127,0.06483088433742523,40-70,1,0,1,1,0,1.0,0.0,0.8,1.0,0.0,0
86176440a036d61e,1,0,0,0,0,1,23.0,0.0,0.0,1.0,0.0,0.0,0.0,0.0,1.0,0.0,0.0,-1.3982475,0.8449215292930603,-0.7014192,0.030733929947018623,0.83244544,0.3549918830394745,-0.5001743,0.9935117363929749,-0.49014252,0.0031175727490335703,15-40,1,0,1,1,0,1.0,0.0,1.0,1.0,0.0,0
4b1f406ff6ed1ca9,1,0,1,1,1,1,76.0,3.0,0.0,2.0,0.0,2.0,1.0,0.0,1.0,0.0,1.0,1.2848709,0.9671940803527832,-0.75505954,0.8924688100814819,1.9798071,0.022457053884863853,-0.47934926,0.886223554611206,3.809633,0.9856905341148376,70-120,1,0,1,1,1,1.0,0.0,1.0,1.0,1.0,0
19c9ff30861c670e,1,0,1,0,0,1,26.0,2.0,0.0,1.0,0.0,0.0,1.0,0.0,1.0,0.0,0.0,0.81739944,0.9135609269142151,-0.6844897,0.8858785033226013,0.80490005,0.9615699052810669,-0.5169817,0.994625449180603,-0.48558223,0.03850233182311058,15-40,1,0,1,1,0,1.0,0.0,1.0,1.0,0.0,0
7b1f4921a5853779,1,0,1,0,0,1,93.0,0.0,1.0,1.0,0.0,1.0,0.0,1.0,1.0,0.0,1.0,-1.3814523,0.019681410863995552,1.3736413,0.012970386072993279,0.83161557,0.04655127227306366,-0.51038396,0.9698425531387329,2.1523135,0.20513693988323212,70-120,1,0,1,1,1,0.85,0.0,0.9,0.75,0.6,0
0ec18327a7ed95fc,1,0,1,0,1,1,81.0,2.0,0.0,0.0,0.0,1.0,1.0,0.0,0.0,0.0,1.0,0.765222,0.16830943524837494,-0.7121504,0.015365340746939182,-0.8107963,0.005544146057218313,-0.51730424,0.9661240577697754,2.0399282,0.9687971472740173,70-120,1,0,1,1,1,0.8,0.0,0.3,0.9,0.9,0
f261465dae53fac4,1,0,1,1,1,1,102.0,4.0,0.0,2.0,0.0,0.0,1.0,0.0,1.0,0.0,0.0,1.7367209,0.999347448348999,-0.7366208,0.9560224413871765,1.9075564,0.991169810295105,-0.50891584,0.9990853667259216,-0.5411561,0.9732406735420227,70-120,1,1,1,1,1,1.0,0.8,0.9,1.0,1.0,0
78cc4d95983766b0,1,0,1,0,1,1,171.0,2.0,0.0,2.0,1.0,0.0,1.0,0.0,1.0,1.0,0.0,1.180643,0.9902538657188416,0.06250958,0.9455504417419434,2.1898777,0.042562730610370636,2.524821,0.9990782141685486,0.12488339,0.9819965362548828,120+,1,0,1,1,1,1.0,0.0,0.8,1.0,1.0,0
df55704a494f6716,1,0,1,0,1,10,59.0,1.0,0.0,1.0,0.0,2.0,1.0,0.0,1.0,0.0,1.0,0.015854023,0.9090225696563721,-0.7152603,0.9893885850906372,0.8325979,0.23292027413845062,-0.54447395,0.9905509352684021,3.7654738,0.9906960129737854,40-70,1,0,0,1,1,1.0,0.0,0.0,1.0,1.0,0
231ebb115f79eeed,1,1,1,0,0,1,86.0,0.0,0.0,1.0,0.0,0.0,0.0,0.0,1.0,0.0,0.0,-1.3677858,0.45780324935913086,-0.68658525,0.9934611916542053,0.7889908,0.013795365579426289,-0.5092518,0.9764232039451599,-0.48048726,0.7188904881477356,70-120,1,1,1,1,1,1.0,1.0,0.8,1.0,1.0,0
0b7cb37a968a4dfa,1,0,1,1,1,1,46.0,0.0,0.0,3.0,0.0,0.0,0.0,0.0,1.0,0.0,0.0,-1.3808371,0.1148640364408493,-0.6765343,0.9866234064102173,2.6063194,0.9744590520858765,-0.48203173,0.9907140135765076,-0.48642427,0.9987720847129822,40-70,1,0,1,1,1,1.0,0.0,1.0,1.0,1.0,0
e6d5518d13d8fb42,1,0,0,0,0,1,18.0,1.0,0.0,0.0,1.0,0.0,1.0,0.0,0.0,1.0,0.0,-0.07839807,0.01930808462202549,-0.6895348,0.605507493019104,-0.81626016,0.0019570167642086744,2.0387344,0.2804192900657654,-0.497083,0.0025708682369440794,15-40,1,0,0,0,0,1.0,0.0,0.0,0.0,0.0,0
de03c5f37fce415b,1,1,1,0,1,1,52.0,3.0,1.0,2.0,0.0,1.0,1.0,1.0,1.0,0.0,1.0,1.3306339,0.9609150886535645,1.4304086,0.9809125661849976,1.985466,0.2417578101158142,-0.54883593,0.9966364502906799,1.9629611,0.975669801235199,40-70,1,1,1,1,1,0.9,0.8,0.9,0.8,1.0,0
4fc86fb866cd37d3,1,0,1,0,0,1,54.0,5.0,0.0,3.0,0.0,0.0,1.0,0.0,1.0,0.0,0.0,2.1169035,0.9989098310470581,-0.68245375,0.9622142314910889,2.77078,0.9478174448013306,-0.4552354,0.9995407462120056,-0.52730215,0.040731094777584076,40-70,1,0,1,1,0,1.0,0.0,1.0,1.0,0.0,0
1f30b5add0e10bf5,1,0,1,1,1,1,115.0,2.0,0.0,3.0,1.0,0.0,1.0,0.0,1.0,1.0,0.0,0.8291963,0.9827074408531189,-0.6302709,0.9845457673072815,2.4696877,0.44244077801704407,1.9552041,0.9994868040084839,-0.51603353,0.9929060935974121,70-120,1,0,1,1,1,1.0,0.0,1.0,1.0,1.0,0
f4b0a80f11465680,1,1,1,1,0,10,168.0,4.0,2.0,1.0,0.0,0.0,1.0,1.0,1.0,0.0,0.0,2.0184975,0.9961305856704712,1.797908,0.9945200681686401,-0.3512442,0.8651101589202881,-0.34580678,0.9989798069000244,0.24251014,0.0893750935792923,120+,1,1,1,1,0,1.0,1.0,1.0,1.0,0.0,0
e907ee7342d795be,1,0,1,0,1,10,25.0,1.0,0.0,1.0,0.0,1.0,1.0,0.0,1.0,0.0,1.0,-0.06277614,0.9179669618606567,-0.6964862,0.9267690181732178,0.7851703,0.5227618217468262,-0.5184464,0.9967523217201233,2.0175977,0.9532750248908997,15-40,1,0,1,1,1,1.0,0.0,1.0,1.0,1.0,0
d203054544e8ada0,1,0,1,0,0,1,145.0,4.0,1.0,1.0,0.0,0.0,1.0,1.0,1.0,0.0,0.0,1.9292822,0.9692951440811157,1.8204165,0.03293013200163841,1.2564951,0.017143769189715385,-0.28526706,0.9964618682861328,0.27020442,0.010818447917699814,120+,1,1,1,1,0,1.0,0.8,0.9,1.0,0.0,0
6bd190b0865f49ee,1,0,1,1,0,1,89.0,1.0,1.0,1.0,0.0,0.0,1.0,1.0,1.0,0.0,0.0,-0.07283164,0.8881781697273254,1.3890955,0.2791402041912079,0.8106579,0.20079265534877777,-0.49282396,0.9952816367149353,-0.4814397,0.018833130598068237,70-120,1,1,1,1,0,1.0,0.5,1.0,1.0,0.0,0
c4b4fc1b3bb97047,1,0,1,1,1,1,73.0,2.0,0.0,1.0,0.0,1.0,1.0,0.0,1.0,0.0,1.0,1.0690877,0.9833748936653137,-0.67395455,0.8433153629302979,0.80168194,0.1628454476594925,-0.5186351,0.997977077960968,2.0699584,0.9945307374000549,70-120,1,0,1,1,1,1.0,0.0,1.0,1.0,1.0,0
969621346b5414a6,1,0,1,1,1,1,176.0,2.0,0.0,3.0,0.0,1.0,1.0,0.0,1.0,0.0,1.0,0.31076896,0.0005770345451310277,-0.0866644,0.018440209329128265,1.053337,0.00010720879799919203,-0.29455107,0.0008328334079124033,-0.0019471346,0.09619516134262085,120+,1,0,1,1,1,0.6,0.0,0.8,0.4,0.8,0
e5ba04f0cfd7463a,1,0,0,1,0,1,26.0,4.0,0.0,0.0,0.0,0.0,1.0,0.0,0.0,0.0,0.0,1.778349,0.9728565812110901,-0.73069346,0.9334308505058289,-0.8092393,0.9762200117111206,-0.48616838,0.9946045875549316,-0.49235877,0.0028560124337673187,15-40,1,0,0,1,0,0.9,0.0,0.0,0.8,0.0,0
ac76a2cbe38635ae,1,0,0,0,0,1,88.0,1.0,0.0,2.0,0.0,1.0,1.0,0.0,1.0,0.0,1.0,-0.023247192,0.09417666494846344,-0.69693977,0.9683812260627747,2.105625,0.5834110379219055,-0.5527477,0.956308901309967,2.1639283,0.913213312625885,70-120,1,1,1,1,1,0.9,0.8,0.6,0.8,1.0,0
95d4cdd9014f9d6b,1,0,1,0,1,1,31.0,2.0,0.0,1.0,0.0,0.0,1.0,0.0,1.0,0.0,0.0,0.7579505,0.9978002309799194,-0.69369566,0.658087968826294,0.7604709,0.23775288462638855,-0.50484383,0.9975892305374146,-0.48488247,0.9923785924911499,15-40,1,0,1,1,1,1.0,0.0,0.8,1.0,1.0,0
13b40829063d5698,1,1,1,0,0,1,153.0,2.0,1.0,2.0,0.0,0.0,1.0,1.0,1.0,0.0,0.0,1.0653954,0.030473189428448677,-0.010490484,0.9586540460586548,2.1032813,0.04296247288584709,-0.280955,0.9800911545753479,0.019222304,0.6436373591423035,120+,1,1,1,1,0,1.0,1.0,1.0,1.0,0.0,0
6faaa136b26922df,1,0,0,0,1,1,22.0,0.0,0.0,0.0,0.0,1.0,0.0,0.0,0.0,0.0,1.0,-1.4422823,0.9026525020599365,-0.7151439,0.9656413793563843,-0.82184047,0.7371581196784973,-0.504029,0.9789755344390869,2.0615659,0.9951983094215393,15-40,1,0,0,1,1,0.9,0.0,0.0,0.8,1.0,0
14f6e3baa3c0a2fc,1,0,0,0,0,1,25.0,2.0,0.0,0.0,0.0,0.0,1.0,0.0,0.0,0.0,0.0,0.75403136,0.012336100451648235,-0.7123321,0.047337714582681656,-0.8089742,0.01686626300215721,-0.48520553,0.006744988728314638,-0.49589777,0.00677120964974165,15-40,1,0,0,0,0,0.8,0.0,0.0,0.0,0.0,0
95a224b8e545520b,1,0,1,0,0,10,174.0,1.0,0.0,1.0,0.0,0.0,1.0,0.0,1.0,0.0,0.0,0.37464595,0.13122886419296265,-0.14545786,0.9374974966049194,-0.42950168,0.004231587518006563,-0.28234544,0.47500407695770264,-0.05202648,0.009577909484505653,120+,1,0,0,1,0,0.8,0.0,0.0,0.7,0.0,0
c795445c693c7753,1,0,1,1,1,1,50.0,2.0,0.0,1.0,0.0,0.0,1.0,0.0,1.0,0.0,0.0,0.73952264,0.9990655779838562,-0.72026885,0.9276915192604065,0.77129155,0.10338595509529114,-0.50866425,0.9977829456329346,-0.47231764,0.9883801937103271,40-70,1,0,1,1,1,1.0,0.0,0.8,1.0,1.0,0
6b363273c71304f6,1,1,1,0,0,1,29.0,3.0,1.0,0.0,0.0,0.0,1.0,1.0,0.0,0.0,0.0,1.3666154,0.9116920828819275,1.3386141,0.9611345529556274,-0.8061843,0.8928431272506714,-0.5128357,0.9920620322227478,-0.49131164,0.14116297662258148,15-40,1,1,1,1,0,1.0,1.0,1.0,1.0,0.0,0
34550fe0892a0744,1,1,0,0,0,10,75.0,1.0,1.0,0.0,0.0,0.0,1.0,1.0,0.0,0.0,0.0,-0.09992616,0.9507778882980347,1.3881742,0.9750598073005676,-0.8403276,0.8600755929946899,-0.5243983,0.9908567070960999,-0.48272127,0.06418264657258987,70-120,1,1,0,1,1,1.0,1.0,0.0,1.0,1.0,0
917530fcbe86bcfd,1,0,1,1,1,1,157.0,2.0,1.0,2.0,1.0,0.0,1.0,1.0,1.0,1.0,0.0,1.2345066,0.9736446738243103,1.849278,0.1490972340106964,2.2779338,0.8943288922309875,2.2246847,0.9964619278907776,0.18924795,0.9150528907775879,120+,1,0,1,1,1,1.0,0.0,1.0,1.0,1.0,0
4032831688deae3c,1,0,0,0,0,1,28.0,0.0,0.0,1.0,0.0,0.0,0.0,0.0,1.0,0.0,0.0,-1.4145677,0.01492833811789751,-0.7013578,0.058238618075847626,0.7969636,0.5758712887763977,-0.5097536,0.5092266798019409,-0.47813493,0.001319863717071712,15-40,1,0,1,1,0,1.0,0.0,0.8,0.9,0.0,0
1fa3fddceffa6672,1,0,1,0,0,1,56.0,3.0,0.0,1.0,0.0,0.0,1.0,0.0,1.0,0.0,0.0,1.3192571,0.34886693954467773,-0.7183028,0.07075197249650955,0.80375683,0.5008392930030823,-0.5241906,0.7704647779464722,-0.50173897,0.014199680648744106,40-70,1,1,1,1,0,0.8,0.6,0.9,0.7,0.0,0
7789b73215c401c1,1,1,1,1,1,1,16.0,0.0,0.0,1.0,1.0,0.0,0.0,0.0,1.0,1.0,0.0,-1.4266715,0.940078616142273,-0.747155,0.9797064661979675,0.73472035,0.00838045310229063,1.978038,0.9969006180763245,-0.5194449,0.9790757894515991,15-40,1,1,1,1,1,1.0,1.0,1.0,1.0,1.0,0
734199d06c91f494,1,0,1,0,1,1,50.0,0.0,0.0,1.0,0.0,2.0,0.0,0.0,1.0,0.0,1.0,-1.3817482,0.9594972133636475,-0.66179216,0.8842892646789551,0.81914407,0.9615699648857117,-0.5115381,0.9974291324615479,3.7653906,0.9984663128852844,40-70,1,0,1,1,1,1.0,0.0,1.0,1.0,1.0,0
7ba73216f5de8746,1,0,1,0,0,1,71.0,3.0,0.0,2.0,0.0,0.0,1.0,0.0,1.0,0.0,0.0,1.2721965,0.9147487878799438,-0.73856395,0.9494354724884033,1.9604605,0.9055313467979431,-0.5035562,0.9946877956390381,-0.53584915,0.7119818925857544,70-120,1,0,1,1,0,1.0,0.0,1.0,1.0,0.0,0
3d00214f2166e6f5,1,0,1,0,1,1,46.0,2.0,0.0,0.0,0.0,0.0,1.0,0.0,0.0,0.0,0.0,0.7701978,0.9765129685401917,-0.70894325,0.9147487878799438,-0.81500685,0.07416429370641708,-0.5003398,0.9950370192527771,-0.48822114,0.9983092546463013,40-70,1,0,1,1,1,1.0,0.0,0.8,1.0,1.0,0
003e9e28e07099b1,1,0,1,0,1,10,181.0,0.0,0.0,0.0,0.0,0.0,0.0,0.0,0.0,0.0,0.0,-0.7509861,0.95707768201828,-0.16195986,0.982030987739563,-0.40555814,0.12247073650360107,-0.34211984,0.9911527037620544,-0.047785286,0.9909271597862244,120+,1,0,1,1,1,0.9,0.0,0.8,0.8,1.0,0
0425083f51db1d6d,1,1,1,1,0,1,141.0,1.0,1.0,5.0,1.0,0.0,1.0,1.0,1.0,1.0,0.0,0.5271852,0.9958580136299133,0.28880543,0.9884473085403442,3.7106185,0.9885029792785645,2.0281768,0.9993917346000671,0.32357612,0.06954175233840942,120+,1,1,1,1,0,1.0,1.0,1.0,1.0,0.0,0
ad268328da125fd1,1,0,1,1,0,1,46.0,1.0,0.0,1.0,0.0,0.0,1.0,0.0,1.0,0.0,0.0,-0.08834843,0.0511774942278862,-0.6966985,0.018107350915670395,0.807481,0.8754679560661316,-0.5044714,0.9982657432556152,-0.49252898,0.022243669256567955,40-70,1,0,1,1,0,1.0,0.0,1.0,1.0,0.0,0
6a90d86d269f1619,1,1,1,1,0,1,102.0,1.0,2.0,1.0,2.0,0.0,1.0,1.0,1.0,1.0,0.0,-0.0670915,0.5531960129737854,2.5552619,0.9937587380409241,0.80655086,0.08419107645750046,3.6697545,0.9977393746376038,-0.42954287,0.5848492383956909,70-120,1,1,1,1,0,1.0,1.0,1.0,1.0,0.0,0
54cce9c7d182f6ca,1,0,1,1,0,1,36.0,2.0,0.0,0.0,0.0,0.0,1.0,0.0,0.0,0.0,0.0,0.7594352,0.21502088010311127,-0.7124946,0.8562122583389282,-0.79436344,0.7428416609764099,-0.48628667,0.9982926249504089,-0.48555222,0.043691057711839676,15-40,1,0,1,1,0,1.0,0.0,1.0,1.0,0.0,0
defb9991976a5a9a,1,0,0,1,1,1,49.0,0.0,0.0,0.0,0.0,1.0,0.0,0.0,0.0,0.0,1.0,-1.4815499,0.641983687877655,-0.7071435,0.955026388168335,-0.82909375,0.007303223479539156,-0.49996543,0.9942362904548645,2.049666,0.9842759966850281,40-70,1,0,0,1,1,0.8,0.0,0.0,0.6,1.0,0
311578408b203797,1,0,0,0,0,1,61.0,0.0,0.0,3.0,0.0,0.0,0.0,0.0,1.0,0.0,0.0,-1.3293278,0.9434518814086914,-0.69032955,0.026759281754493713,2.5920508,0.013982612639665604,-0.4705191,0.9026954174041748,-0.49504918,0.017814531922340393,40-70,1,0,0,1,0,0.7,0.0,0.0,0.6,0.0,0
1803926cb351683d,1,0,1,1,1,1,184.0,2.0,0.0,1.0,0.0,1.0,1.0,0.0,1.0,0.0,1.0,0.3952192,0.9867899417877197,-0.016326375,0.9681411385536194,1.0639528,0.05340332165360451,-0.26205188,0.99495929479599,0.06572314,0.9906599521636963,120+,1,0,1,1,1,1.0,0.0,0.8,1.0,1.0,0
c35789d29e1c9c3e,1,1,1,1,1,1,80.0,2.0,0.0,0.0,1.0,1.0,1.0,0.0,0.0,1.0,1.0,1.0500643,0.9966755509376526,-0.7309946,0.9930017590522766,-0.8440439,0.01314658671617508,1.9753062,0.978009819984436,2.172585,0.9981827139854431,70-120,1,0,1,1,1,1.0,0.0,0.8,1.0,1.0,0
6d311e6fd8bfb11b,1,1,1,0,1,1,79.0,3.0,0.0,3.0,0.0,0.0,1.0,0.0,1.0,0.0,0.0,1.4088043,0.9927952289581299,-0.68407536,0.9849273562431335,2.618093,0.009878941811621189,-0.52953005,0.9784671068191528,-0.5252095,0.9936363697052002,70-120,1,0,1,1,1,1.0,0.0,0.8,1.0,1.0,0
2c886b92be2b3be0,1,0,1,0,1,1,96.0,3.0,0.0,2.0,0.0,1.0,1.0,0.0,1.0,0.0,1.0,1.3262106,0.974190354347229,-0.7184158,0.993818998336792,1.9495674,0.8835880160331726,-0.5251369,0.9859363436698914,1.9785037,0.9895210862159729,70-120,1,0,1,1,1,1.0,0.0,1.0,1.0,1.0,0
dac118b0c41985a1,1,1,0,0,0,1,185.0,3.0,1.0,0.0,1.0,0.0,1.0,1.0,0.0,1.0,0.0,1.6406331,0.9991152286529541,1.7015011,0.9955315589904785,-0.45119384,0.014785408042371273,-0.37129775,0.991186797618866,0.0009955462,0.04126864671707153,120+,1,1,1,1,0,1.0,1.0,1.0,1.0,0.0,0
2c8e84ffd196701a,1,0,1,0,0,1,169.0,4.0,1.0,2.0,0.0,0.0,1.0,1.0,1.0,0.0,0.0,0.15776032,0.29163607954978943,1.7251042,0.08670937269926071,-0.5580905,0.01849331334233284,-0.3796763,0.053502157330513,-0.24553865,0.006277706008404493,120+,1,1,1,1,0,0.8,0.5,0.3,0.6,0.0,0
95615599f99d465d,1,0,0,1,0,1,29.0,4.0,0.0,0.0,0.0,0.0,1.0,0.0,0.0,0.0,0.0,1.7274948,0.9479621648788452,-0.7414804,0.9135609269142151,-0.8008976,0.6434413194656372,-0.5110779,0.9976125955581665,-0.5041744,0.044931646436452866,15-40,1,0,0,1,0,1.0,0.0,0.0,1.0,0.0,0
7da7e72218c1dd7e,1,0,0,0,0,10,26.0,0.0,0.0,0.0,0.0,0.0,0.0,0.0,0.0,0.0,0.0,-1.4338925,0.00028741470305249095,-0.68949115,0.0010005044750869274,-0.82277673,7.311254739761353e-05,-0.50715274,8.2523598393891e-05,-0.4765842,0.0001572034670971334,15-40,1,0,0,1,0,0.3,0.0,0.0,0.3,0.0,0
1e895cb0312a262d,1,0,1,0,0,1,47.0,1.0,0.0,0.0,0.0,0.0,1.0,0.0,0.0,0.0,0.0,-0.13697346,0.9958580136299133,-0.69106686,0.5262818932533264,-0.81852615,0.9349318742752075,-0.50979006,0.9985841512680054,-0.4789973,0.05266765505075455,40-70,1,0,1,1,0,1.0,0.0,1.0,1.0,0.0,0
abe03cc56c7a33ec,1,0,1,0,1,10,74.0,4.0,1.0,1.0,0.0,0.0,1.0,1.0,1.0,0.0,0.0,1.859605,0.9824231266975403,1.4017847,0.5759308934211731,0.8360247,0.11225902289152145,-0.51575494,0.9981685280799866,-0.5189591,0.9391365051269531,70-120,1,1,1,1,1,1.0,0.8,0.9,1.0,1.0,0
80b8db92c3960f15,1,1,0,0,0,1,81.0,2.0,1.0,1.0,0.0,0.0,1.0,1.0,1.0,0.0,0.0,0.8486213,0.4246803820133209,1.3735224,0.9990206956863403,0.83024174,0.020081011578440666,-0.49679232,0.9442282915115356,-0.48391515,0.05628819391131401,70-120,1,1,1,1,1,1.0,1.0,0.8,0.9,0.8,0
8a0c01693a06078e,1,1,1,0,0,10,29.0,1.0,1.0,1.0,0.0,0.0,1.0,1.0,1.0,0.0,0.0,-0.07786164,0.9844413995742798,1.3856611,0.9761064648628235,0.8090039,0.9132519364356995,-0.50035095,0.9960699081420898,-0.4927848,0.09739040583372116,15-40,1,1,1,1,0,1.0,1.0,1.0,1.0,0.0,0
4289e3004374a6a4,1,0,0,0,0,1,36.0,3.0,0.0,0.0,0.0,0.0,1.0,0.0,0.0,0.0,0.0,1.366845,0.9832788705825806,-0.74887496,0.9184802770614624,-0.8218012,0.01966257579624653,-0.49813774,0.9960237741470337,-0.48718935,0.031648680567741394,15-40,1,0,0,1,0,1.0,0.0,0.0,1.0,0.0,0
f7d6b69ac5a7247c,1,0,1,0,0,1,42.0,0.0,0.0,2.0,0.0,0.0,0.0,0.0,1.0,0.0,0.0,-1.426436,0.9286032319068909,-0.6968304,0.9886900782585144,1.6228039,0.9971216320991516,-0.53331816,0.9978801608085632,-0.45950904,0.311636358499527,40-70,1,0,1,1,0,1.0,0.0,1.0,1.0,0.0,0
02179e601a8b6759,1,0,0,0,0,10,32.0,3.0,0.0,0.0,1.0,0.0,1.0,0.0,0.0,1.0,0.0,1.3170586,0.9964756965637207,-0.7336316,0.13403742015361786,-0.865045,0.019738012924790382,2.074962,0.9981469511985779,-0.5201613,0.011732463724911213,15-40,1,0,0,1,0,1.0,0.0,0.0,1.0,0.0,0
fbd976182a7e612b,1,0,1,0,1,1,161.0,9.0,0.0,0.0,0.0,0.0,1.0,0.0,0.0,0.0,0.0,2.565006,0.8998278379440308,0.030696852,0.6892533302307129,-0.39019936,0.12825194001197815,-0.30658013,0.9986619353294373,0.23404388,0.9815067052841187,120+,1,1,1,1,1,1.0,0.5,1.0,1.0,1.0,0
eab40e70269b5783,1,0,0,0,1,1,52.0,1.0,0.0,4.0,0.0,2.0,1.0,0.0,1.0,0.0,1.0,-0.019321037,0.8832863569259644,-0.66095454,0.824603259563446,2.9605124,0.4422675669193268,-0.45004797,0.9983256459236145,3.493097,0.9757161736488342,40-70,1,0,1,1,1,1.0,0.0,1.0,1.0,1.0,0
ee2fe95dfd99208e,1,0,1,0,0,10,71.0,2.0,1.0,1.0,0.0,0.0,1.0,1.0,1.0,0.0,0.0,0.76300704,0.934574544429779,1.3421166,0.10994444787502289,0.815918,0.0031603528186678886,-0.5101848,0.991118311882019,-0.4708682,0.03283695504069328,70-120,1,1,1,1,0,1.0,0.8,0.9,1.0,0.0,0
63a0189c9777faaf,1,0,1,0,0,1,71.0,2.0,0.0,1.0,0.0,0.0,1.0,0.0,1.0,0.0,0.0,0.79323125,0.9809125661849976,-0.70924443,0.877686619758606,0.79980505,0.2050573229789734,-0.5197914,0.9949982762336731,-0.47960657,0.1245320662856102,70-120,1,0,1,1,0,1.0,0.0,1.0,1.0,0.0,0
435a64f2309dcda2,1,0,1,0,1,1,40.0,1.0,0.0,3.0,0.0,1.0,1.0,0.0,1.0,0.0,1.0,-0.06539419,0.4116725027561188,-0.69409883,0.9222025871276855,2.5054207,0.6183772087097168,-0.5395231,0.9928231835365295,1.9322507,0.9883127808570862,40-70,1,0,1,1,1,1.0,0.0,0.8,0.9,1.0,0
b86ac943f0ac249c,1,1,1,0,0,1,22.0,1.0,1.0,1.0,0.0,0.0,1.0,1.0,1.0,0.0,0.0,-0.094966084,0.2874176502227783,1.3745232,0.9634031057357788,0.8068177,0.20465964078903198,-0.5125931,0.9905142784118652,-0.4972237,0.03283695504069328,15-40,1,1,1,0,0,1.0,1.0,1.0,0.0,0.0,0
5589c501547d1133,1,1,0,1,0,1,43.0,0.0,1.0,1.0,0.0,0.0,0.0,1.0,1.0,0.0,0.0,-1.4056544,0.8020908832550049,1.3902965,0.9629179835319519,0.7958806,0.03514485061168671,-0.5171434,0.9287972450256348,-0.47185656,0.0511774905025959,40-70,1,1,0,1,0,1.0,0.5,0.0,1.0,0.0,0
bbd67263aa0df3cf,1,0,1,0,1,1,64.0,5.0,1.0,1.0,0.0,0.0,1.0,1.0,1.0,0.0,0.0,2.3314502,0.9814534783363342,1.3378049,0.9845308661460876,0.8203383,0.13078418374061584,-0.52953607,0.996271014213562,-0.5207116,0.9904590845108032,40-70,1,1,1,1,1,1.0,1.0,1.0,1.0,1.0,0
d273c1f41552971b,1,0,1,0,0,1,20.0,1.0,0.0,1.0,0.0,0.0,1.0,0.0,1.0,0.0,0.0,-0.08568501,0.8628724813461304,-0.70920664,0.8333924412727356,-0.80849403,0.007562568411231041,-0.48808664,0.9818056225776672,-0.48447695,0.006526149343699217,15-40,1,0,1,1,0,0.9,0.0,0.9,0.8,0.0,0
405466b67b0d5c65,1,1,1,0,0,1,205.0,1.0,0.0,1.0,1.0,0.0,1.0,0.0,1.0,1.0,0.0,0.2868154,8.124428859446198e-05,-0.27642834,0.0033374049235135317,0.7661863,3.80800775019452e-05,2.1096585,0.00013032973220106214,-0.146504,0.0002216780703747645,120+,1,1,1,1,0,0.0,0.0,0.0,0.0,0.0,0
36848bf459bdb499,1,0,1,0,0,1,155.0,2.0,0.0,1.0,0.0,0.0,1.0,0.0,1.0,0.0,0.0,0.9945555,0.9967460036277771,-0.06951757,0.9711564779281616,1.0715272,0.0013670256594195962,-0.24848472,0.9951136112213135,0.030843649,0.059866417199373245,120+,1,1,1,1,0,0.9,0.8,0.9,0.8,0.0,0
db4d8ab70ea10c42,1,1,1,0,0,1,77.0,1.0,1.0,0.0,0.0,0.0,1.0,1.0,0.0,0.0,0.0,-0.08052418,0.7568970918655396,1.4003996,0.9649212956428528,-0.8352896,0.9313377141952515,-0.52529913,0.9972262382507324,-0.47629482,0.8012368679046631,70-120,1,1,1,1,0,1.0,1.0,1.0,1.0,0.0,0
9229646389005b0d,1,1,1,0,0,1,20.0,2.0,1.0,1.0,0.0,0.0,1.0,1.0,1.0,0.0,0.0,0.7619704,0.9951041340827942,1.3255985,0.9925826787948608,0.8187428,0.6465438604354858,-0.50104696,0.9970421195030212,-0.50102955,0.5754985213279724,15-40,1,1,1,1,0,1.0,1.0,1.0,1.0,0.0,0
48749ba9e32ddf25,1,1,1,1,1,1,146.0,3.0,3.0,0.0,0.0,0.0,1.0,1.0,0.0,0.0,0.0,1.622281,0.9990072846412659,3.1850386,0.953923225402832,-0.5039686,0.9508236050605774,-0.382193,0.9988530278205872,0.09341377,0.20809844136238098,120+,1,1,1,1,0,1.0,1.0,1.0,1.0,0.0,0
7ec67badf1311a4d,1,0,1,0,0,1,42.0,3.0,0.0,0.0,0.0,0.0,1.0,0.0,0.0,0.0,0.0,1.3221757,0.6724392175674438,-0.74055916,0.3123700022697449,-0.82218426,0.5152921676635742,-0.51541394,0.9934611320495605,-0.4852918,0.013715873472392559,40-70,1,0,0,1,0,1.0,0.0,0.0,1.0,0.0,0
526e972a161b57e8,1,1,1,0,0,10,48.0,3.0,1.0,2.0,0.0,0.0,1.0,1.0,1.0,0.0,0.0,1.2850381,0.9987527132034302,1.3705133,0.9891606569290161,2.0660515,0.9181872606277466,-0.51972824,0.9981756210327148,-0.54497474,0.18572558462619781,40-70,1,1,1,1,0,1.0,1.0,1.0,1.0,0.0,0
0edff394b1dc942d,1,1,1,0,0,1,26.0,1.0,2.0,1.0,0.0,0.0,1.0,1.0,1.0,0.0,0.0,-0.08095104,0.8283147811889648,2.8587615,0.9989246129989624,0.8620035,0.37190619111061096,-0.51482874,0.9919847846031189,-0.50095856,0.7780596613883972,15-40,1,1,1,1,0,1.0,1.0,1.0,1.0,0.0,0
6039ade09dfb9a38,1,0,1,1,0,1,177.0,1.0,0.0,3.0,0.0,0.0,1.0,0.0,1.0,0.0,0.0,0.28372234,0.00580866914242506,-0.08020079,0.02161533199250698,2.8761067,0.2876177430152893,-0.33895546,0.9417613744735718,0.0071946424,0.0015277628554031253,120+,1,0,1,1,0,0.8,0.0,0.9,0.8,0.0,0
f0fb0fc73ee286eb,1,1,1,0,0,1,62.0,1.0,1.0,0.0,0.0,0.0,1.0,1.0,0.0,0.0,0.0,-0.10643902,0.09947022050619125,1.3987273,0.9950177669525146,-0.82930976,0.9926256537437439,-0.5132207,0.9784465432167053,-0.4852849,0.27742403745651245,40-70,1,1,1,1,0,1.0,1.0,1.0,1.0,0.0,0
2197c216e2c6cd0c,1,0,1,0,0,10,17.0,0.0,0.0,1.0,0.0,0.0,0.0,0.0,1.0,0.0,0.0,-1.4343764,0.13223415613174438,-0.7161613,0.9400235414505005,0.76752764,0.16344544291496277,-0.4975698,0.9863631725311279,-0.48894823,0.02745460346341133,15-40,1,0,1,1,0,0.9,0.0,0.8,0.8,0.0,0
f01fb8f33f3bce12,1,0,1,1,1,1,159.0,2.0,0.0,2.0,1.0,0.0,1.0,0.0,1.0,1.0,0.0,1.0738605,0.9725454449653625,-0.121583275,0.9947697520256042,2.158461,0.7514657974243164,2.0434175,0.9935116767883301,-0.08534295,0.8014700412750244,120+,1,0,1,1,1,1.0,0.0,1.0,1.0,1.0,0
fd375070eaa192cc,1,0,1,0,1,1,25.0,0.0,0.0,0.0,0.0,1.0,0.0,0.0,0.0,0.0,1.0,-1.4273177,0.7436336874961853,-0.7111612,0.7828285098075867,-0.8274992,0.004248078912496567,-0.49771744,0.9886573553085327,2.1024637,0.9991639256477356,15-40,1,0,0,1,1,1.0,0.0,0.0,1.0,1.0,0
5ae158ebaf52a027,1,0,0,0,0,1,18.0,1.0,0.0,0.0,0.0,0.0,1.0,0.0,0.0,0.0,0.0,-0.094063446,0.3774832785129547,-0.679375,0.6034937500953674,-0.8136147,0.0048203435726463795,-0.48707947,0.9548583626747131,-0.47195128,0.01630876585841179,15-40,1,0,0,1,0,1.0,0.0,0.0,1.0,0.0,0
18988ed7ed381340,1,1,1,0,1,1,27.0,2.0,1.0,1.0,0.0,1.0,1.0,1.0,1.0,0.0,1.0,0.76964986,0.9888849854469299,1.4718741,0.9924374222755432,0.8470628,0.7683422565460205,-0.5262817,0.9954171776771545,2.0595176,0.9773275256156921,15-40,1,1,1,1,1,1.0,0.8,0.9,0.9,1.0,0
edf9fcb7163c1014,1,0,1,0,1,1,37.0,0.0,0.0,1.0,0.0,1.0,0.0,0.0,1.0,0.0,1.0,-1.4229872,0.25748494267463684,-0.6883663,0.9919536709785461,0.8480253,0.12241824716329575,-0.4946878,0.8074606657028198,2.071732,0.9896618723869324,15-40,1,0,0,0,1,1.0,0.0,0.0,0.0,1.0,0
3f152b759ba2fd96,1,0,0,0,1,1,21.0,2.0,0.0,0.0,0.0,1.0,1.0,0.0,0.0,0.0,1.0,0.76829815,0.9961977601051331,-0.7257621,0.961605966091156,-0.8152316,0.00817206408828497,-0.522742,0.9989994764328003,2.038295,0.9949396848678589,15-40,1,0,0,1,1,1.0,0.0,0.0,1.0,1.0,0
b939a2bdedd74683,1,0,0,0,0,1,127.0,6.0,1.0,2.0,0.0,0.0,1.0,1.0,1.0,0.0,0.0,2.5855892,0.9894703030586243,1.3511615,0.6062070727348328,2.0238152,0.035813186317682266,-0.44342536,0.9913222789764404,-0.45984584,0.04991219565272331,120+,1,0,0,1,0,1.0,0.0,0.0,1.0,0.0,0
759c7022d785a3a6,1,0,1,0,0,1,19.0,0.0,0.0,1.0,0.0,0.0,0.0,0.0,1.0,0.0,0.0,-1.3690975,0.9724146723747253,-0.7010011,0.580233097076416,0.81840944,0.46154385805130005,-0.5077997,0.9945624470710754,-0.48474297,0.01851104572415352,15-40,1,0,1,0,0,0.9,0.0,0.8,0.0,0.0,0
a353632fe49178b0,1,0,1,0,1,1,39.0,2.0,0.0,1.0,0.0,1.0,1.0,0.0,1.0,0.0,1.0,0.78850394,0.9969245791435242,-0.6875814,0.9840782880783081,0.8449605,0.05623634159564972,-0.51752394,0.9862973093986511,2.087971,0.9968273043632507,15-40,1,0,1,1,1,1.0,0.0,1.0,1.0,1.0,0
bc2020893cb10bfc,1,0,0,0,0,1,41.0,0.0,0.0,0.0,0.0,0.0,0.0,0.0,0.0,0.0,0.0,-1.2375497,0.925094723701477,-0.705152,0.9391365647315979,-0.83940524,0.5401991605758667,-0.51617754,0.9962999224662781,-0.470762,0.10567109286785126,40-70,1,0,0,1,0,1.0,0.0,0.0,1.0,0.0,0
ebe08b3322979dac,1,0,0,0,0,1,22.0,1.0,0.0,1.0,0.0,0.0,1.0,0.0,1.0,0.0,0.0,-0.029953193,0.9711564183235168,-0.6666544,0.989751398563385,0.8113388,0.61921226978302,-0.5024903,0.9982792139053345,-0.4889876,0.08586245775222778,15-40,1,1,1,1,0,0.9,0.8,0.8,0.9,0.0,0
73433a94c6ffa3bb,1,0,1,0,0,1,120.0,6.0,0.0,1.0,2.0,1.0,1.0,0.0,1.0,1.0,1.0,2.6053762,0.8340693116188049,-0.76246,0.9880849719047546,0.7760098,0.0753123089671135,3.1199381,0.996936559677124,1.932681,0.9959139823913574,120+,1,0,1,1,1,1.0,0.0,0.9,1.0,1.0,0
59ca5d3a25816878,1,0,1,0,0,1,33.0,0.0,0.0,0.0,0.0,0.0,0.0,0.0,0.0,0.0,0.0,-1.4404423,0.9894703030586243,-0.67067057,0.9572378993034363,-0.8266052,0.048360999673604965,-0.5091328,0.9980276823043823,-0.46163493,0.02895316109061241,15-40,1,0,1,1,0,0.9,0.0,0.8,0.8,0.0,0
10c95b2b8ff1ace0,1,0,1,1,0,10,96.0,2.0,0.0,0.0,0.0,0.0,1.0,0.0,0.0,0.0,0.0,0.76677036,0.9895311594009399,-0.7076084,0.9432953596115112,-0.8196371,0.015203665010631084,-0.5072992,0.9968211054801941,-0.48314154,0.04150110110640526,70-120,1,0,1,1,0,1.0,0.0,0.8,1.0,0.0,0
7f36c0cca28dc489,1,0,1,0,1,1,77.0,1.0,0.0,1.0,0.0,0.0,1.0,0.0,1.0,0.0,0.0,-0.09833971,0.21345914900302887,-0.67606455,0.8104788661003113,0.8333923,0.9903102517127991,-0.50238746,0.9616780281066895,-0.47248423,0.9980694651603699,70-120,1,0,1,1,1,1.0,0.0,1.0,1.0,1.0,0
b33aab27704c07cb,1,0,1,0,1,1,70.0,1.0,0.0,1.0,0.0,0.0,1.0,0.0,1.0,0.0,0.0,-0.06062982,0.8957052826881409,-0.69390947,0.7582421898841858,0.76303697,0.0211858619004488,-0.52075607,0.9929472804069519,-0.48900944,0.7853908538818359,70-120,1,0,1,1,1,1.0,0.0,1.0,1.0,1.0,0
3c5ab41391fe2347,1,0,1,0,0,1,75.0,0.0,0.0,2.0,0.0,0.0,0.0,0.0,1.0,0.0,0.0,-1.4501877,0.13500383496284485,-0.69334894,0.7999116778373718,1.960428,0.8642531633377075,-0.52964497,0.9688856601715088,-0.46431231,0.005511934403330088,70-120,1,0,1,1,0,0.9,0.0,0.8,0.8,0.0,0
4bc88c4c9a6ecc8b,1,0,1,0,1,1,49.0,3.0,0.0,2.0,0.0,0.0,1.0,0.0,1.0,0.0,0.0,1.2977246,0.9855660200119019,-0.7250716,0.9873384833335876,2.0341494,0.9344549775123596,-0.52025867,0.9626730680465698,-0.5320999,0.9988395571708679,40-70,1,0,1,1,1,1.0,0.0,0.8,1.0,1.0,0
ff019e877229d778,1,0,1,0,1,1,56.0,1.0,0.0,0.0,0.0,1.0,1.0,0.0,0.0,0.0,1.0,-0.023668364,0.9612438082695007,-0.7500217,0.9810401201248169,-0.0068943934,0.9152045845985413,-0.5157503,0.9985840916633606,2.0589757,0.9461506009101868,40-70,1,0,1,1,1,1.0,0.0,1.0,1.0,1.0,0
448ff7d2609d1a28,0,0,1,0,0,1,175.0,2.0,1.0,1.0,0.0,0.0,1.0,1.0,1.0,0.0,0.0,0.9748252,7.692087820032611e-05,-0.14489901,0.0002780309587251395,-0.44898003,5.044728095526807e-05,-0.29778814,6.761842814739794e-05,-0.06937971,0.000414069538237527,120+,1,1,1,1,1,0.1,0.0,0.2,0.1,0.0,0
0b17884d1a5f3dd7,1,0,1,0,0,1,154.0,3.0,0.0,2.0,1.0,0.0,1.0,0.0,1.0,1.0,0.0,0.19818866,0.9970305562019348,0.043532446,0.9374974966049194,2.0277715,0.9608049392700195,2.162639,0.9992734789848328,0.101160996,0.023848088458180428,120+,1,1,1,1,0,1.0,0.8,0.9,1.0,0.0,0
1023862f89306f65,1,1,1,1,0,1,179.0,2.0,1.0,0.0,0.0,0.0,1.0,1.0,0.0,0.0,0.0,1.0255843,0.9508692026138306,-0.1292318,0.47432586550712585,-0.42752,0.9656737446784973,-0.2817067,0.9993293881416321,-0.015623052,0.15778464078903198,120+,1,1,1,1,0,0.9,0.8,0.9,0.9,0.0,0
8b58989bf06720be,1,0,1,0,1,1,135.0,1.0,0.0,2.0,0.0,1.0,1.0,0.0,1.0,0.0,1.0,-0.081520185,0.9885250926017761,-0.67394453,0.9825575351715088,2.0941336,0.18668745458126068,-0.54155225,0.9920773506164551,2.1622157,0.9880735278129578,120+,1,1,1,1,1,1.0,0.8,1.0,1.0,1.0,0
86984d0775a13017,1,0,1,1,1,1,88.0,1.0,0.0,1.0,0.0,1.0,1.0,0.0,1.0,0.0,1.0,-0.062446874,0.38147878646850586,-0.71757776,0.8677658438682556,0.8243254,0.3932684659957886,-0.5277137,0.9940774440765381,2.0429194,0.9920157194137573,70-120,1,0,1,1,1,0.8,0.0,0.9,0.7,1.0,0
33ffa53fe7587a61,1,0,1,0,0,1,85.0,3.0,0.0,1.0,0.0,0.0,1.0,0.0,1.0,0.0,0.0,1.2957101,0.9917643666267395,-0.71401566,0.670284628868103,0.8429984,0.08426641672849655,-0.51052755,0.9964133501052856,-0.49065652,0.04791353642940521,70-120,1,0,1,1,0,1.0,0.0,1.0,1.0,0.0,0
6e39d1bf1c5eba7b,1,0,0,1,0,1,109.0,3.0,0.0,1.0,0.0,0.0,1.0,0.0,1.0,0.0,0.0,1.3265948,0.9981897473335266,-0.6987304,0.9720985889434814,0.8299176,0.009652305394411087,-0.5009121,0.9975370168685913,-0.4787885,0.9950850605964661,70-120,1,1,0,1,1,1.0,0.5,0.0,1.0,1.0,0
79b3bd0e020b2843,1,0,1,1,1,1,145.0,4.0,0.0,1.0,0.0,0.0,1.0,0.0,1.0,0.0,0.0,2.1535535,0.6497452855110168,-0.09622642,0.9868026375770569,1.098012,0.03861093893647194,-0.30011266,0.9955229163169861,0.08841747,0.6894101500511169,120+,1,0,1,1,1,1.0,0.0,0.8,1.0,1.0,0
842b288e772385c4,1,0,1,1,0,1,157.0,0.0,0.0,2.0,1.0,0.0,0.0,0.0,1.0,1.0,0.0,-0.80563915,0.9774785041809082,-0.050606612,0.06412401050329208,2.1845155,0.018440209329128265,-0.32563922,0.9976449608802795,0.062267143,0.031588878482580185,120+,1,0,1,1,0,0.9,0.0,0.4,0.9,0.0,0
633c2a3da82a6366,1,1,1,1,1,10,60.0,2.0,1.0,1.0,1.0,1.0,1.0,1.0,1.0,1.0,1.0,0.87716234,0.9887010455131531,1.4620847,0.9986436367034912,0.8218487,0.6101922392845154,2.0260906,0.9993748664855957,1.9957057,0.9795310497283936,40-70,1,1,1,1,1,1.0,1.0,1.0,1.0,1.0,0
587e34bbcdef9442,1,0,1,0,1,10,181.0,5.0,0.0,3.0,0.0,1.0,1.0,0.0,1.0,0.0,1.0,1.8869568,0.9491062760353088,-0.16763973,0.9355234503746033,2.7920008,0.7424217462539673,-0.35639372,0.9949100613594055,-0.07661904,0.9750360250473022,120+,1,1,1,1,1,1.0,0.5,1.0,1.0,1.0,0
95ab5c33a818cbef,1,1,0,0,1,1,108.0,5.0,2.0,0.0,0.0,1.0,1.0,1.0,0.0,0.0,1.0,2.084408,0.9354645609855652,2.67431,0.9992416501045227,-0.83615947,0.046119749546051025,-0.43966436,0.9214990139007568,2.1450353,0.9315248131752014,70-120,1,1,0,1,1,1.0,1.0,0.0,1.0,1.0,0
faf5bab3a3682441,1,1,0,0,0,1,97.0,6.0,1.0,0.0,0.0,0.0,1.0,1.0,0.0,0.0,0.0,2.437343,0.9880273938179016,1.2896011,0.8310059309005737,-0.7803787,0.2671213150024414,-0.4905665,0.9978801608085632,-0.49386054,0.011179601773619652,70-120,1,1,1,1,0,1.0,1.0,1.0,1.0,0.0,0
e25d7202be15b5e3,1,0,0,0,1,1,29.0,4.0,0.0,0.0,0.0,0.0,1.0,0.0,0.0,0.0,0.0,1.7860471,0.9293121695518494,-0.7509691,0.9744833707809448,-0.8207725,0.04981965944170952,-0.5089471,0.9937465786933899,-0.48161352,0.9986620545387268,15-40,1,0,0,1,1,1.0,0.0,0.0,1.0,1.0,0
3a8548614e4f80f0,1,0,1,0,0,1,76.0,0.0,0.0,2.0,1.0,0.0,0.0,0.0,1.0,1.0,0.0,-1.4311513,0.982954740524292,-0.68382937,0.9843062162399292,1.9217528,0.9813107252120972,1.9635432,0.8146433234214783,-0.49029478,0.6040194034576416,70-120,1,0,1,1,1,1.0,0.0,1.0,1.0,1.0,0
cd92cb24c245aed8,1,1,0,1,0,1,39.0,1.0,1.0,1.0,1.0,0.0,1.0,1.0,1.0,1.0,0.0,-0.145882,0.9952816367149353,1.4401186,0.9962272644042969,0.753916,0.0021657671313732862,2.061847,0.996924638748169,-0.51050603,0.12231338769197464,15-40,1,1,0,1,0,1.0,1.0,0.0,1.0,0.0,0
f3e39eb1d3b1d48f,1,0,0,0,0,1,21.0,2.0,0.0,1.0,0.0,0.0,1.0,0.0,1.0,0.0,0.0,0.7307142,0.6504117846488953,-0.6770515,0.8272706866264343,0.7838733,0.05823862552642822,-0.5062537,0.978425920009613,-0.47929734,0.014756985008716583,15-40,1,0,1,1,0,1.0,0.0,1.0,1.0,0.0,0
99e8e9a6a6ab6773,1,1,1,0,0,10,70.0,2.0,0.0,0.0,0.0,0.0,1.0,0.0,0.0,0.0,0.0,0.5941488,0.9769567847251892,-0.69860214,0.9786515235900879,-0.82349473,0.007289077155292034,-0.5093095,0.9850285053253174,-0.47453645,0.6739968657493591,70-120,1,1,1,1,0,1.0,1.0,1.0,1.0,0.0,0
483806672e9f89c1,1,1,1,0,0,1,175.0,3.0,0.0,2.0,0.0,0.0,1.0,0.0,1.0,0.0,0.0,1.4857539,0.9599877595901489,-0.067121625,0.9940312504768372,2.10245,0.4449717402458191,-0.29866347,0.9967333078384399,-0.016687157,0.22575783729553223,120+,1,1,1,1,0,1.0,1.0,0.8,0.9,0.0,0
93a469bb729bd385,1,1,1,0,0,1,133.0,4.0,0.0,0.0,0.0,0.0,1.0,0.0,0.0,0.0,0.0,2.1468406,0.9605096578598022,-0.040104795,0.9942026138305664,-0.41065386,0.8045595288276672,-0.31219363,0.9968457818031311,0.2031692,0.9257686138153076,120+,1,1,1,1,0,1.0,0.8,0.9,1.0,0.0,0
3871839b86c17b11,1,0,0,0,1,1,37.0,3.0,0.0,0.0,0.0,1.0,1.0,0.0,0.0,0.0,1.0,1.4458979,0.9564312100410461,-0.7586598,0.9732661247253418,-0.69131935,0.9740179181098938,-0.50945866,0.9906418919563293,1.9660051,0.9975031614303589,15-40,1,0,1,1,1,1.0,0.0,0.8,0.9,1.0,0
e918f8791b57ce88,1,0,1,0,0,1,50.0,2.0,0.0,0.0,0.0,0.0,1.0,0.0,0.0,0.0,0.0,0.7869041,0.9785902500152588,-0.7199778,0.9510059356689453,-0.82464826,0.9704647064208984,-0.50347483,0.9941004514694214,-0.49267012,0.02881620079278946,40-70,1,0,1,1,0,1.0,0.0,1.0,1.0,0.0,0
2f2492efed48119e,1,0,0,0,0,1,97.0,1.0,0.0,1.0,0.0,0.0,1.0,0.0,1.0,0.0,0.0,-0.06435397,0.9703805446624756,-0.6756907,0.972701370716095,0.83125055,0.07011260092258453,-0.5042536,0.9934991598129272,-0.47116107,0.28437724709510803,70-120,1,0,0,1,1,1.0,0.0,0.0,1.0,1.0,0
2a4a0da333293042,1,0,0,0,0,1,23.0,3.0,0.0,0.0,0.0,0.0,1.0,0.0,0.0,0.0,0.0,1.4508877,0.9610614776611328,-0.74024725,0.7738152146339417,-0.80788463,0.7500954270362854,-0.5175245,0.9996064305305481,-0.4849766,0.8821235299110413,15-40,1,0,0,1,0,1.0,0.0,0.0,1.0,0.0,0
931a2d3948e6a129,1,0,1,0,0,1,86.0,0.0,0.0,3.0,1.0,0.0,0.0,0.0,1.0,1.0,0.0,-1.3690711,0.20995524525642395,-0.6352474,0.6728693246841431,2.6598763,0.9687380790710449,1.9321535,0.9984207153320312,-0.48175806,0.025035424157977104,70-120,1,0,1,1,0,1.0,0.0,1.0,1.0,0.0,0
a93593403079284d,1,0,1,0,0,10,25.0,1.0,0.0,1.0,0.0,0.0,1.0,0.0,1.0,0.0,0.0,-0.11293885,0.10347653180360794,-0.6886417,0.8133866786956787,0.80350536,0.8040984869003296,-0.5068679,0.907558262348175,-0.49734095,0.026861201971769333,15-40,1,0,1,1,0,0.9,0.0,0.8,0.8,0.0,0
26d48b2f884758a9,1,1,1,1,1,1,96.0,7.0,1.0,3.0,0.0,2.0,1.0,1.0,1.0,0.0,1.0,2.6005156,0.9977127909660339,1.2137573,0.9986329674720764,2.2725127,0.42131370306015015,-0.33980036,0.9833269715309143,2.9019582,0.9890448451042175,70-120,1,1,1,1,1,1.0,1.0,1.0,1.0,1.0,0
7655173867770a14,1,0,1,0,0,1,92.0,2.0,0.0,0.0,0.0,0.0,1.0,0.0,0.0,0.0,0.0,0.75965434,0.0340682752430439,-0.715411,0.8720208406448364,-0.79620457,0.6963714361190796,-0.5129313,0.9567959308624268,-0.4856,0.02080449089407921,70-120,1,0,1,1,0,1.0,0.0,1.0,1.0,0.0,0
a8bcf27c23afdf75,1,0,0,0,1,1,194.0,2.0,0.0,0.0,0.0,1.0,1.0,0.0,0.0,0.0,1.0,0.26402977,0.47490039467811584,-0.18655047,0.8482193946838379,-0.42903095,0.002516360953450203,-0.2778818,0.9733422994613647,-0.09480047,0.9811126589775085,120+,1,0,0,1,1,0.6,0.0,0.0,0.4,0.8,0
b6422a283e528704,1,0,0,0,0,1,38.0,2.0,0.0,0.0,0.0,0.0,1.0,0.0,0.0,0.0,0.0,0.7874366,0.997468888759613,-0.7094948,0.1826440989971161,-0.822163,0.006971114780753851,-0.49438015,0.36398595571517944,-0.48975083,0.006589770782738924,15-40,1,0,0,1,0,0.8,0.0,0.0,0.6,0.0,0
b8fed77d6ff9c3d4,1,1,0,0,1,1,54.0,4.0,1.0,0.0,1.0,1.0,1.0,1.0,0.0,1.0,1.0,1.7637947,0.9991440773010254,1.2983149,0.9957436323165894,-0.82958585,0.017917346209287643,2.1061814,0.9986329674720764,2.0425644,0.9864678382873535,40-70,1,1,0,1,1,1.0,1.0,0.0,1.0,1.0,0
30c0d7bb7bbae785,1,0,0,0,0,1,46.0,1.0,0.0,1.0,0.0,0.0,1.0,0.0,1.0,0.0,0.0,-0.0762341,0.052667658776044846,-0.6976572,0.214115709066391,0.810273,0.20713452994823456,-0.5116405,0.7122321128845215,-0.48470387,0.025035424157977104,40-70,1,0,1,1,0,0.9,0.0,0.8,0.8,0.0,0
1661f12ae18c9d8e,1,1,1,0,0,1,89.0,3.0,1.0,1.0,0.0,0.0,1.0,1.0,1.0,0.0,0.0,1.22669,0.793906033039093,1.3096642,0.9891186952590942,0.8745804,0.3089194893836975,-0.51390225,0.9882901906967163,-0.48390186,0.03861093148589134,70-120,1,1,1,1,0,1.0,1.0,1.0,1.0,0.0,0
94e420d8c84045b9,1,0,1,0,1,1,165.0,2.0,0.0,0.0,0.0,1.0,1.0,0.0,0.0,0.0,1.0,0.55903435,0.6912890076637268,0.005847053,0.9697854518890381,-0.38256457,0.9462997317314148,-0.2654918,0.9987356066703796,0.059783675,0.8562121987342834,120+,1,1,1,1,1,0.9,0.8,0.8,0.9,0.9,0
